-- MySQL dump 10.13  Distrib 8.0.16, for Win64 (x86_64)
--
-- Host: 192.168.0.147    Database: sgs_proeza_db
-- ------------------------------------------------------
-- Server version	5.7.13-log

/*!40101 SET @OLD_CHARACTER_SET_CLIENT=@@CHARACTER_SET_CLIENT */;
/*!40101 SET @OLD_CHARACTER_SET_RESULTS=@@CHARACTER_SET_RESULTS */;
/*!40101 SET @OLD_COLLATION_CONNECTION=@@COLLATION_CONNECTION */;
 SET NAMES utf8 ;
/*!40103 SET @OLD_TIME_ZONE=@@TIME_ZONE */;
/*!40103 SET TIME_ZONE='+00:00' */;
/*!40014 SET @OLD_UNIQUE_CHECKS=@@UNIQUE_CHECKS, UNIQUE_CHECKS=0 */;
/*!40014 SET @OLD_FOREIGN_KEY_CHECKS=@@FOREIGN_KEY_CHECKS, FOREIGN_KEY_CHECKS=0 */;
/*!40101 SET @OLD_SQL_MODE=@@SQL_MODE, SQL_MODE='NO_AUTO_VALUE_ON_ZERO' */;
/*!40111 SET @OLD_SQL_NOTES=@@SQL_NOTES, SQL_NOTES=0 */;

--
-- Dumping data for table `art_articulo`
--

LOCK TABLES `art_articulo` WRITE;
/*!40000 ALTER TABLE `art_articulo` DISABLE KEYS */;
INSERT INTO `art_articulo` VALUES (00000000000000004314,'CAMPCAISWILD00000001','Nacional',NULL,00000000000000000002,00000000000000000058,NULL,00000000000000000025,0.00,99.00,0,_binary ''),(00000000000000004315,'NAUTNANCWILD00004315','Capa',NULL,00000000000000000005,00000000000000000026,NULL,00000000000000000025,0.00,650.00,0,_binary ''),(00000000000000004316,'CAMPCBOLWATE00004316','Desert -7',NULL,00000000000000000002,00000000000000000060,00000000000000000092,00000000000000000067,0.00,1800.00,0,_binary ''),(00000000000000004317,'CAMPCBOLWATE00004317','Cowl 350',NULL,00000000000000000002,00000000000000000060,00000000000000000092,00000000000000000067,0.00,1390.00,0,_binary ''),(00000000000000004318,'CAMPCBOLWATE00004318','Loch 250',NULL,00000000000000000002,00000000000000000060,00000000000000000092,00000000000000000067,0.00,850.00,0,_binary ''),(00000000000000004319,'CAMPCBOLWATE00004319','Inca 200',NULL,00000000000000000002,00000000000000000060,00000000000000000092,00000000000000000067,0.00,550.00,0,_binary ''),(00000000000000004320,'PESCPBOLDEPR00004320','grande (15% efect y 5% deb)',NULL,00000000000000000001,00000000000000000022,00000000000000000084,00000000000000000037,0.00,995.00,0,_binary ''),(00000000000000004321,'PESCPBOLDEPR00004321',' chico (15%desc efect y 5% debito)',NULL,00000000000000000001,00000000000000000022,00000000000000000084,00000000000000000037,0.00,795.00,0,_binary ''),(00000000000000004322,'PESCPCAJMAUR00004322','22 /                 (15%efect y 5% en debito',NULL,00000000000000000001,00000000000000000036,00000000000000000008,00000000000000000013,0.00,586.00,0,_binary ''),(00000000000000004323,'PESCPCAJMAUR00004323','460 L (15% en efect y 5% en debito)',NULL,00000000000000000001,00000000000000000036,00000000000000000008,00000000000000000013,0.00,899.00,0,_binary ''),(00000000000000004324,'PESCPCAJMAUR00004324','430 L (15% efect y 5% en debito)',NULL,00000000000000000001,00000000000000000036,00000000000000000008,00000000000000000013,0.00,835.00,0,_binary ''),(00000000000000004325,'PESCPCAJMAUR00004325','350 L (15% efect y 5% en debito)',NULL,00000000000000000001,00000000000000000036,00000000000000000008,00000000000000000013,0.00,415.00,0,_binary ''),(00000000000000004326,'PESCPCAJMAUR00004326','310 1/2 bandeja (15%efct y 5% en debito)',NULL,00000000000000000001,00000000000000000036,00000000000000000008,00000000000000000013,0.00,449.00,0,_binary ''),(00000000000000004327,'PESCPCAJMAUR00004327','320  (15% efect y 5% en debito)',NULL,00000000000000000001,00000000000000000036,00000000000000000008,00000000000000000013,0.00,196.00,0,_binary ''),(00000000000000004328,'CAMPCCONMAUR00004328','35lts ( 15%desc efect y 5% debito)',NULL,00000000000000000002,00000000000000000059,NULL,00000000000000000013,0.00,1012.00,0,_binary ''),(00000000000000004329,'CAMPCCONMAUR00004329','26 lts (15%desc en efect y 5% debito)',NULL,00000000000000000002,00000000000000000059,NULL,00000000000000000013,0.00,793.00,0,_binary ''),(00000000000000004330,'CAMPCCONMAUR00004330','14 lts (15%desc efect y 5 debito)',NULL,00000000000000000002,00000000000000000059,NULL,00000000000000000013,0.00,483.00,0,_binary ''),(00000000000000004331,'CAMPCCONMAUR00004331','5 Litros (15% desc efect y 5% debito)',NULL,00000000000000000002,00000000000000000059,NULL,00000000000000000013,0.00,403.00,0,_binary ''),(00000000000000004332,'CAMPCCONCOLE00004332','50 qt con ruedas azul xtreme (15% ef y 5%d',NULL,00000000000000000002,00000000000000000059,NULL,00000000000000000043,0.00,2875.00,0,_binary ''),(00000000000000004333,'CAMPCCONCOLE00004333','48 qt (15% desc efect y 5% debito)',NULL,00000000000000000002,00000000000000000059,NULL,00000000000000000043,0.00,2208.00,0,_binary ''),(00000000000000004334,'CAMPCCONCOLE00004334','16qt (15% desc efect y 5% debito)',NULL,00000000000000000002,00000000000000000059,NULL,00000000000000000043,0.00,922.00,0,_binary ''),(00000000000000004335,'CAMPCCONCOLE00004335','5 Qt (15% desc efect y 5% debito)',NULL,00000000000000000002,00000000000000000059,NULL,00000000000000000043,0.00,607.00,0,_binary ''),(00000000000000004336,'CAMPCCONHELA00004336','28 lts (15% desc efect y 5% en debito)',NULL,00000000000000000002,00000000000000000059,NULL,00000000000000000088,0.00,635.00,0,_binary ''),(00000000000000004337,'PESCPCOPENMA00004337','Mango largo',NULL,00000000000000000001,00000000000000000085,NULL,00000000000000000100,0.00,0.00,0,_binary ''),(00000000000000004338,'PESCPCHAAURA00004338','Spining',NULL,00000000000000000001,00000000000000000101,NULL,00000000000000000058,0.00,480.00,0,_binary ''),(00000000000000004339,'CAMPCCANXXO500004339','1 lts  con bandolera y aluminio',NULL,00000000000000000002,00000000000000000087,NULL,00000000000000000105,0.00,110.00,0,_binary ''),(00000000000000004340,'CAMPCCANCLAR00004340','1 1/2 lts con bandolera ',NULL,00000000000000000002,00000000000000000087,NULL,00000000000000000075,0.00,110.00,0,_binary ''),(00000000000000004341,'CAMPCCANCLAR00004341','Termica  1 lts',NULL,00000000000000000002,00000000000000000087,NULL,00000000000000000075,0.00,210.00,0,_binary ''),(00000000000000004342,'PESCIENTAURA00004342','Todos los talles',NULL,00000000000000000001,00000000000000000062,00000000000000000015,00000000000000000058,0.00,1400.00,0,_binary ''),(00000000000000004343,'CAMPCESTNAHU00004343','1',NULL,00000000000000000002,00000000000000000123,NULL,00000000000000000006,0.00,6.00,0,_binary ''),(00000000000000004344,'CAMPCESTNAHU00004344','U4mm  (15%  en ef y 5% en debito)',NULL,00000000000000000002,00000000000000000123,NULL,00000000000000000006,0.00,12.00,0,_binary ''),(00000000000000004345,'CAMPCESTNAHU00004345','Angulo 30 cm',NULL,00000000000000000002,00000000000000000123,NULL,00000000000000000006,0.00,18.00,0,_binary ''),(00000000000000004346,'CAMPCMECSINM00004346','Grande',NULL,00000000000000000002,00000000000000000031,NULL,00000000000000000045,0.00,89.00,0,_binary ''),(00000000000000004347,'CAMPCGARSINM00004347','1 Kg',NULL,00000000000000000002,00000000000000000008,NULL,00000000000000000045,0.00,550.00,0,_binary ''),(00000000000000004348,'PESCPCANSURF00004348','Reina del PLata 425',NULL,00000000000000000001,00000000000000000061,00000000000000000005,00000000000000000008,0.00,1490.00,0,_binary ''),(00000000000000004349,'PESCPCANSURF00004349','Speed Fish 400',NULL,00000000000000000001,00000000000000000061,00000000000000000005,00000000000000000008,0.00,1835.00,0,_binary ''),(00000000000000004350,'PESCPCANSURF00004350','Scalibur 420',NULL,00000000000000000001,00000000000000000061,00000000000000000005,00000000000000000008,0.00,1450.00,0,_binary ''),(00000000000000004351,'PESCPCANSURF00004351','White Spider (15% desc efect y 5% debito)',NULL,00000000000000000001,00000000000000000061,00000000000000000005,00000000000000000008,0.00,1920.00,0,_binary ''),(00000000000000004352,'PESCPCANSURF00004352','Majestic 425',NULL,00000000000000000001,00000000000000000061,00000000000000000005,00000000000000000008,0.00,1490.00,0,_binary ''),(00000000000000004353,'PESCPCANSURF00004353','Chasico 410 (15% desc efect y 5% debito)',NULL,00000000000000000001,00000000000000000061,00000000000000000005,00000000000000000008,0.00,1900.00,0,_binary ''),(00000000000000004354,'PESCPCANSURF00004354','River Head 4.30mts (15% desc efect y 5% debito)',NULL,00000000000000000001,00000000000000000061,00000000000000000005,00000000000000000008,0.00,1956.00,0,_binary ''),(00000000000000004355,'PESCPCANSURF00004355','Cronos 430 (15%desc efect y 5% debito)',NULL,00000000000000000001,00000000000000000061,00000000000000000005,00000000000000000008,0.00,1956.00,0,_binary ''),(00000000000000004356,'PESCPCANSURF00004356','Lisa 430 (15% desc efect y 5% debito)',NULL,00000000000000000001,00000000000000000061,00000000000000000005,00000000000000000008,0.00,1960.00,0,_binary ''),(00000000000000004357,'PESCPCANSURF00004357','Air Blue 410',NULL,00000000000000000001,00000000000000000061,00000000000000000005,00000000000000000008,0.00,1450.00,0,_binary ''),(00000000000000004358,'PESCPCANKUNN00004358','Pulse 4.25 (15% desc efect y 5% debito)',NULL,00000000000000000001,00000000000000000061,00000000000000000005,00000000000000000002,0.00,1784.00,0,_binary ''),(00000000000000004359,'PESCPCANKUNN00004359','Force 420 (15% desc efect y 5% debito)',NULL,00000000000000000001,00000000000000000061,00000000000000000005,00000000000000000002,0.00,1968.00,0,_binary ''),(00000000000000004360,'PESCPCANALBA00004360','Revolution 400',NULL,00000000000000000001,00000000000000000061,00000000000000000005,00000000000000000042,0.00,2000.00,0,_binary ''),(00000000000000004361,'PESCPCANSURF00004361','Flecha de Plata 430 ( 15% desc efect y 5% debito)',NULL,00000000000000000001,00000000000000000061,00000000000000000005,00000000000000000008,0.00,1956.00,0,_binary ''),(00000000000000004362,'PESCPCANSURF00004362','Surpress 400 (15% desc efect y 5% debito)',NULL,00000000000000000001,00000000000000000061,00000000000000000005,00000000000000000008,0.00,2085.00,0,_binary ''),(00000000000000004363,'PESCPCANSURF00004363','Mar Caspio 400',NULL,00000000000000000001,00000000000000000061,00000000000000000005,00000000000000000008,0.00,1390.00,0,_binary ''),(00000000000000004364,'PESCPCANSURF00004364','Zamba 400',NULL,00000000000000000001,00000000000000000061,00000000000000000040,00000000000000000008,0.00,750.00,0,_binary ''),(00000000000000004365,'PESCPCANSILS00004365','Dessert 195',NULL,00000000000000000001,00000000000000000061,00000000000000000087,00000000000000000099,0.00,1120.00,0,_binary ''),(00000000000000004366,'PESCPCANSILS00004366','Rooster 195',NULL,00000000000000000001,00000000000000000061,00000000000000000087,00000000000000000099,0.00,990.00,0,_binary ''),(00000000000000004367,'PESCPCANSURF00004367','Discovery 210',NULL,00000000000000000001,00000000000000000061,00000000000000000087,00000000000000000008,0.00,890.00,0,_binary ''),(00000000000000004368,'PESCPCANSURF00004368','Hurricane Max 240',NULL,00000000000000000001,00000000000000000061,00000000000000000087,00000000000000000008,0.00,1100.00,0,_binary ''),(00000000000000004369,'PESCPCANSURF00004369','Hurricane Max 300',NULL,00000000000000000001,00000000000000000061,00000000000000000087,00000000000000000008,0.00,1290.00,0,_binary ''),(00000000000000004370,'PESCPCANSURF00004370','Surf Force 390',NULL,00000000000000000001,00000000000000000061,00000000000000000087,00000000000000000008,0.00,1610.00,0,_binary ''),(00000000000000004371,'PESCPCANSURF00004371','Atractive 210',NULL,00000000000000000001,00000000000000000061,00000000000000000087,00000000000000000008,0.00,850.00,0,_binary ''),(00000000000000004372,'PESCPCANSURF00004372','Atractive 240',NULL,00000000000000000001,00000000000000000061,00000000000000000087,00000000000000000008,0.00,950.00,0,_binary ''),(00000000000000004373,'PESCPCANKUNN00004373','Scorpius 210',NULL,00000000000000000001,00000000000000000061,00000000000000000087,00000000000000000002,0.00,1100.00,0,_binary ''),(00000000000000004374,'CAMPCLUNDONA00004374','Grande',NULL,00000000000000000002,00000000000000000120,NULL,00000000000000000063,0.00,290.00,0,_binary ''),(00000000000000004375,'CAMPCLUNDONA00004375','Mediana',NULL,00000000000000000002,00000000000000000120,NULL,00000000000000000063,0.00,250.00,0,_binary ''),(00000000000000004376,'CAMPCLUNDONA00004376','Chica',NULL,00000000000000000002,00000000000000000120,NULL,00000000000000000063,0.00,220.00,0,_binary ''),(00000000000000004377,'CAMPCLUNDONA00004377','Mini',NULL,00000000000000000002,00000000000000000120,NULL,00000000000000000063,0.00,160.00,0,_binary ''),(00000000000000004378,'CAMPCCONCOLE00004378','Extreme 52qt  (15% desc efect y 5% debito)',NULL,00000000000000000002,00000000000000000059,NULL,00000000000000000043,0.00,3036.00,0,_binary ''),(00000000000000004379,'CAMPCESTNAHU00004379','Angulo 23 cm',NULL,00000000000000000002,00000000000000000123,NULL,00000000000000000006,0.00,15.00,0,_binary ''),(00000000000000004380,'CAMPCCONCOLE00004380','Termo 1.8 lts',NULL,00000000000000000002,00000000000000000059,NULL,00000000000000000043,0.00,285.00,0,_binary ''),(00000000000000004381,'PESCPFUNSINM00004381','2.20 2.40 mts',NULL,00000000000000000001,00000000000000000080,NULL,00000000000000000045,0.00,49.00,0,_binary ''),(00000000000000004382,'PESCPFUNSINM00004382','1.60 1.80 2mts',NULL,00000000000000000001,00000000000000000080,NULL,00000000000000000045,0.00,45.00,0,_binary ''),(00000000000000004383,'PESCPFUNSINM00004383','1.20 1.40 mts',NULL,00000000000000000001,00000000000000000080,NULL,00000000000000000045,0.00,45.00,0,_binary ''),(00000000000000004384,'PESCPCANSILS00004384','Sinetic 240',NULL,00000000000000000001,00000000000000000061,00000000000000000087,00000000000000000099,0.00,1210.00,0,_binary ''),(00000000000000004385,'PESCPCANSURF00004385','Hercules 390',NULL,00000000000000000001,00000000000000000061,00000000000000000124,00000000000000000008,0.00,790.00,0,_binary ''),(00000000000000004386,'PESCPCANWATE00004386','Strong 3905',NULL,00000000000000000001,00000000000000000061,00000000000000000124,00000000000000000067,0.00,760.00,0,_binary ''),(00000000000000004387,'PESCPCANSILS00004387','Dessert 210',NULL,00000000000000000001,00000000000000000061,00000000000000000087,00000000000000000099,0.00,1150.00,0,_binary ''),(00000000000000004388,'CAMPCCARNAHU00004388','8 pers 3x2x180 (15%desc ef y 5% debito)',NULL,00000000000000000002,00000000000000000090,NULL,00000000000000000006,0.00,8390.00,0,_binary ''),(00000000000000004389,'CAMPCCARNAHU00004389','6 pers 240x2x180 (15% desc ef y 5% deb)',NULL,00000000000000000002,00000000000000000090,NULL,00000000000000000006,0.00,7220.00,0,_binary ''),(00000000000000004390,'CAMPCCARNAHU00004390','4 pers 190x2x165(15% desc efec y 5% deb)',NULL,00000000000000000002,00000000000000000090,NULL,00000000000000000006,0.00,5980.00,0,_binary ''),(00000000000000004391,'CAMPCMESSINM00004391','Valija 4 bancos (15% desc efect y 5% debito)',NULL,00000000000000000002,00000000000000000119,NULL,00000000000000000045,0.00,910.00,0,_binary ''),(00000000000000004392,'PESCPGORWATE00004392','Legionario eco ',NULL,00000000000000000001,00000000000000000094,NULL,00000000000000000067,0.00,89.00,0,_binary ''),(00000000000000004393,'PESCPCANWATE00004393','Stratus 195 ',NULL,00000000000000000001,00000000000000000061,00000000000000000038,00000000000000000067,0.00,840.00,0,_binary ''),(00000000000000004394,'PESCPCANWATE00004394','Stratus 210',NULL,00000000000000000001,00000000000000000061,00000000000000000038,00000000000000000067,0.00,950.00,0,_binary ''),(00000000000000004395,'PESCPCANSURF00004395','American Sea 50 215',NULL,00000000000000000001,00000000000000000061,00000000000000000038,00000000000000000008,0.00,790.00,0,_binary ''),(00000000000000004396,'PESCPCANSURF00004396','Navegator 40  215',NULL,00000000000000000001,00000000000000000061,00000000000000000038,00000000000000000008,0.00,890.00,0,_binary ''),(00000000000000004397,'PESCPCANSURF00004397','Mtx 210',NULL,00000000000000000001,00000000000000000061,00000000000000000038,00000000000000000008,0.00,990.00,0,_binary ''),(00000000000000004398,'PESCPCANSURF00004398','Mtx 190 ',NULL,00000000000000000001,00000000000000000061,00000000000000000038,00000000000000000008,0.00,790.00,0,_binary ''),(00000000000000004399,'PESCPCANOMOT00004399','Green River 200',NULL,00000000000000000001,00000000000000000061,00000000000000000038,00000000000000000001,0.00,1250.00,0,_binary ''),(00000000000000004400,'PESCPBOLNUEV00004400','grande (15% efect y 5% deb)',NULL,00000000000000000001,00000000000000000022,00000000000000000084,00000000000000000111,0.00,520.00,0,_binary ''),(00000000000000004401,'PESCPCANSURF00004401','Undercast 210',NULL,00000000000000000001,00000000000000000061,00000000000000000038,00000000000000000008,0.00,1190.00,0,_binary ''),(00000000000000004402,'PESCPCANSURF00004402','B O G 210 ',NULL,00000000000000000001,00000000000000000061,00000000000000000038,00000000000000000008,0.00,600.00,0,_binary ''),(00000000000000004403,'PESCPCANSURF00004403','Corrientes 240 ',NULL,00000000000000000001,00000000000000000061,00000000000000000103,00000000000000000008,0.00,790.00,0,_binary ''),(00000000000000004404,'CAMPCBOLWILD00004404','Familiar doble manta C/ desmontae',NULL,00000000000000000002,00000000000000000060,00000000000000000092,00000000000000000025,0.00,900.00,0,_binary ''),(00000000000000004405,'CAMPCBOLWILD00004405','Scout C/ largo (15% desc efect y 5% debito)',NULL,00000000000000000002,00000000000000000060,00000000000000000092,00000000000000000025,0.00,759.00,0,_binary ''),(00000000000000004406,'CAMPCBOLWILD00004406','Junior c/ corto (15% desc efect, 5% deb)',NULL,00000000000000000002,00000000000000000060,00000000000000000092,00000000000000000025,0.00,450.00,0,_binary ''),(00000000000000004407,'CAMPCCAMWILD00004407','Doble ',NULL,00000000000000000002,00000000000000000129,NULL,00000000000000000025,0.00,110.00,0,_binary ''),(00000000000000004408,'CAMPCMESWATE00004408','Mesa TBS 807 Plegable (mesa sin bancos) (15% desc ','Mesa TBS 807 Plegable (mesa sin bancos) (15% desc efect y 5% debito)',00000000000000000002,00000000000000000119,NULL,00000000000000000067,0.00,1092.00,0,_binary ''),(00000000000000004409,'PESCPCANSURF00004409','JMP 400',NULL,00000000000000000001,00000000000000000061,00000000000000000121,00000000000000000008,0.00,510.00,0,_binary ''),(00000000000000004410,'PESCPCANSURF00004410','B O G 240',NULL,00000000000000000001,00000000000000000061,00000000000000000038,00000000000000000008,0.00,700.00,0,_binary ''),(00000000000000004411,'PESCPCANSURF00004411','Lisa 410 (15% desc efect y 5% debito)',NULL,00000000000000000001,00000000000000000061,00000000000000000005,00000000000000000008,0.00,1835.00,0,_binary ''),(00000000000000004412,'PESCPCANSPIN00004412','Titan 270',NULL,00000000000000000001,00000000000000000061,00000000000000000123,00000000000000000033,0.00,510.00,0,_binary ''),(00000000000000004413,'PESCPCANSPIN00004413','Titan 300',NULL,00000000000000000001,00000000000000000061,00000000000000000123,00000000000000000033,0.00,590.00,0,_binary ''),(00000000000000004414,'PESCPCANWATE00004414','Absolut 270',NULL,00000000000000000001,00000000000000000061,00000000000000000123,00000000000000000067,0.00,470.00,0,_binary ''),(00000000000000004415,'NAUTNSALROAN00004415','994 Poncho Aprobado Niño (15% y 5%)',NULL,00000000000000000005,00000000000000000063,NULL,00000000000000000005,0.00,415.00,0,_binary ''),(00000000000000004416,'NAUTNSALROAN00004416','992 Poncho Aprobado Adulto (15% y 5%)',NULL,00000000000000000005,00000000000000000063,NULL,00000000000000000005,0.00,520.00,0,_binary ''),(00000000000000004417,'PESCPWADALBA00004417','Con botas PVC (15%desc efect y 5% debi)',NULL,00000000000000000001,00000000000000000042,NULL,00000000000000000042,0.00,1390.00,0,_binary ''),(00000000000000004418,'PESCPCANWATE00004418','Malivet 350',NULL,00000000000000000001,00000000000000000061,00000000000000000124,00000000000000000067,0.00,760.00,0,_binary ''),(00000000000000004419,'PESCPCANWATE00004419','Blue Line 300',NULL,00000000000000000001,00000000000000000061,00000000000000000103,00000000000000000067,0.00,750.00,0,_binary ''),(00000000000000004420,'PESCPCANWATE00004420','Blue Line 270',NULL,00000000000000000001,00000000000000000061,00000000000000000103,00000000000000000067,0.00,600.00,0,_binary ''),(00000000000000004421,'PESCPCANWATE00004421','Blue Line 240',NULL,00000000000000000001,00000000000000000061,00000000000000000103,00000000000000000067,0.00,550.00,0,_binary ''),(00000000000000004422,'PESCPCANSURF00004422','Rio Parana 210 m',NULL,00000000000000000001,00000000000000000061,00000000000000000103,00000000000000000008,0.00,440.00,0,_binary ''),(00000000000000004423,'PESCPCANSURF00004423','Rio Parana 270 m',NULL,00000000000000000001,00000000000000000061,00000000000000000103,00000000000000000008,0.00,570.00,0,_binary ''),(00000000000000004424,'PESCPCANSURF00004424','Rio Parana 240 m',NULL,00000000000000000001,00000000000000000061,00000000000000000103,00000000000000000008,0.00,490.00,0,_binary ''),(00000000000000004425,'PESCPCANWATE00004425','Coral 360',NULL,00000000000000000001,00000000000000000061,00000000000000000122,00000000000000000067,0.00,890.00,0,_binary ''),(00000000000000004426,'PESCPCANSURF00004426','Team Competition 430 (15% dsc efect y 5% debito) ',NULL,00000000000000000001,00000000000000000061,00000000000000000005,00000000000000000008,0.00,1906.00,0,_binary ''),(00000000000000004427,'PESCPCANSILS00004427','Dia Crystal 430',NULL,00000000000000000001,00000000000000000061,00000000000000000005,00000000000000000099,0.00,1590.00,0,_binary ''),(00000000000000004428,'PESCPCANSILS00004428','Speedmaster 430 ( 15% desc efect y 5% debito)',NULL,00000000000000000001,00000000000000000061,00000000000000000005,00000000000000000099,0.00,1845.00,0,_binary ''),(00000000000000004429,'PESCPCANSURF00004429','Hot River 300',NULL,00000000000000000001,00000000000000000061,00000000000000000121,00000000000000000008,0.00,400.00,0,_binary ''),(00000000000000004430,'PESCPCANSURF00004430','Hot River 350',NULL,00000000000000000001,00000000000000000061,00000000000000000121,00000000000000000008,0.00,450.00,0,_binary ''),(00000000000000004431,'PESCPCANSURF00004431','Minotauro 400 (15% desc efect y 5% desc debito)',NULL,00000000000000000001,00000000000000000061,00000000000000000005,00000000000000000008,0.00,1955.00,0,_binary ''),(00000000000000004432,'PESCPCANSURF00004432','Coast 360',NULL,00000000000000000001,00000000000000000061,00000000000000000121,00000000000000000008,0.00,790.00,0,_binary ''),(00000000000000004433,'PESCIPILALBA00004433','ALBATROS Y SCOUT (15%efect y 5%deb)',NULL,00000000000000000001,00000000000000000104,00000000000000000094,00000000000000000042,0.00,850.00,0,_binary ''),(00000000000000004434,'NAUTNACEYAMA00004434','De motor ',NULL,00000000000000000005,00000000000000000088,NULL,00000000000000000101,0.00,165.00,0,_binary ''),(00000000000000004435,'NAUTNACOROAN00004435','1413 Acople Lavamotor',NULL,00000000000000000005,00000000000000000025,NULL,00000000000000000005,0.00,95.00,0,_binary ''),(00000000000000004436,'NAUTNBENROAN00004436','1341 De mano (roja) x unidad ',NULL,00000000000000000005,00000000000000000115,NULL,00000000000000000005,0.00,490.00,0,_binary ''),(00000000000000004437,'NAUTNMALROAN00004437','400 Kg (Relación 5:1) (15% desc efect y 5% debito)',NULL,00000000000000000005,00000000000000000055,NULL,00000000000000000005,0.00,825.00,0,_binary ''),(00000000000000004438,'NAUTNMALROAN00004438','800 Kg (Relación 4:1) (15% desc efect y 5% debito)',NULL,00000000000000000005,00000000000000000055,NULL,00000000000000000005,0.00,1154.00,0,_binary ''),(00000000000000004439,'NAUTPPOSROAN00004439','541 Embutir Bronce Cromado (15% desc efect y 5% de','541 Embutir Bronce Cromado (15% desc efect y 5% debito)',00000000000000000005,00000000000000000047,NULL,00000000000000000005,0.00,362.00,0,_binary ''),(00000000000000004440,'NAUTPPOSROAN00004440','545 Exterior Bronce Cromado (15% desc efect y 5% d','545 Exterior Bronce Cromado (15% desc efect y 5% debito)',00000000000000000005,00000000000000000047,NULL,00000000000000000005,0.00,255.00,0,_binary ''),(00000000000000004441,'NAUTNSALALOF00004441','ski L - 3 cint(Ap P.N.A) (15% y5%)',NULL,00000000000000000005,00000000000000000063,NULL,00000000000000000086,0.00,935.00,0,_binary ''),(00000000000000004442,'NAUTNSALALOF00004442','ski M - 3 cint (Ap P.N.A) (15% y 5%)',NULL,00000000000000000005,00000000000000000063,NULL,00000000000000000086,0.00,875.00,0,_binary ''),(00000000000000004443,'NAUTNSALALOF00004443','ski S - 3 cint(Ap P.N.A) (15% y 5%)',NULL,00000000000000000005,00000000000000000063,NULL,00000000000000000086,0.00,819.00,0,_binary ''),(00000000000000004444,'NAUTNSALALOF00004444','ski XS - 3 cint (Ap P.N.A) (15% y 5%)',NULL,00000000000000000005,00000000000000000063,NULL,00000000000000000086,0.00,874.00,0,_binary ''),(00000000000000004445,'NAUTNPERROAN00004445','grande importada 15% desc efect 5% desc debi',NULL,00000000000000000005,00000000000000000117,NULL,00000000000000000005,0.00,285.00,0,_binary ''),(00000000000000004446,'NAUTNTANROAN00004446','1512 12 litros (L: 35 cm X A. 26 cm X Al: 25 cm)',NULL,00000000000000000005,00000000000000000081,NULL,00000000000000000005,0.00,600.00,0,_binary ''),(00000000000000004447,'NAUTNTANROAN00004447','1513 24 litros  (L: 47 cm X A. 32 cm X Al: 25 cm)',NULL,00000000000000000005,00000000000000000081,NULL,00000000000000000005,0.00,999.00,0,_binary ''),(00000000000000004448,'CAMPCCONCOLE00004448','9 Qt (15% desc efectivo y 5% debito)',NULL,00000000000000000002,00000000000000000059,NULL,00000000000000000043,0.00,775.00,0,_binary ''),(00000000000000004449,'CAMPIMEDAURA00004449','Todos los talles',NULL,00000000000000000002,00000000000000000070,00000000000000000125,00000000000000000058,0.00,80.00,0,_binary ''),(00000000000000004450,'CAMPCBOLWATE00004450','Gravity 250',NULL,00000000000000000002,00000000000000000060,00000000000000000092,00000000000000000067,0.00,660.00,0,_binary ''),(00000000000000004451,'PESCPCANSPIN00004451','Telecaster 400',NULL,00000000000000000001,00000000000000000061,00000000000000000124,00000000000000000033,0.00,890.00,0,_binary ''),(00000000000000004452,'NAUTNSALROAN00004452','Torpedo Baywatch ',NULL,00000000000000000005,00000000000000000063,NULL,00000000000000000005,0.00,390.00,0,_binary ''),(00000000000000004453,'PESCIPILLEMB00004453',' (15% desc en efectivo y 5% en debito)',NULL,00000000000000000001,00000000000000000104,00000000000000000094,00000000000000000066,0.00,1095.00,0,_binary ''),(00000000000000004454,'NAUTCNAUROAN00004454','Carcaza chapa 1 7/8 50mm (15% desc efect y 5% debi','Carcaza chapa 1 7/8 50mm (15% desc efect y 5% debito)',00000000000000000005,00000000000000000128,NULL,00000000000000000005,0.00,395.00,0,_binary ''),(00000000000000004455,'NAUTCNAUROAN00004455','Carcaza fundicion 1 7/8 %15 desc efect y 5% debito',NULL,00000000000000000005,00000000000000000128,NULL,00000000000000000005,0.00,405.00,0,_binary ''),(00000000000000004456,'CAMPCCARWATE00004456','Andes 4p',NULL,00000000000000000002,00000000000000000090,NULL,00000000000000000067,0.00,4290.00,0,_binary ''),(00000000000000004457,'CAMPCCARWATE00004457','Screen House (300X300X200)',NULL,00000000000000000002,00000000000000000090,NULL,00000000000000000067,0.00,5300.00,0,_binary ''),(00000000000000004458,'CAMPCCARWATE00004458','California (3.00X2.00X2.00) ',NULL,00000000000000000002,00000000000000000090,NULL,00000000000000000067,0.00,6850.00,0,_binary ''),(00000000000000004459,'CAMPCCARWATE00004459','Patagonia 6p (5.00 X 2.20 X 2.00)',NULL,00000000000000000002,00000000000000000090,NULL,00000000000000000067,0.00,7290.00,0,_binary ''),(00000000000000004460,'CAMPCCARWATE00004460','Martial 6p (240 X280+120X180)',NULL,00000000000000000002,00000000000000000090,NULL,00000000000000000067,0.00,5800.00,0,_binary ''),(00000000000000004461,'CAMPCCARWATE00004461','Tundra 6p (3.40X2.70X1.80)',NULL,00000000000000000002,00000000000000000090,NULL,00000000000000000067,0.00,4900.00,0,_binary ''),(00000000000000004462,'CAMPCCARWATE00004462','Terra 3p (1.50X2.00X1.05)',NULL,00000000000000000002,00000000000000000090,NULL,00000000000000000067,0.00,1900.00,0,_binary ''),(00000000000000004463,'CAMPCCARWATE00004463','Explorer 3p (1.50X2.50X1.20)',NULL,00000000000000000002,00000000000000000090,NULL,00000000000000000067,0.00,2350.00,0,_binary ''),(00000000000000004464,'CAMPCCARWATE00004464','Dome II 3p',NULL,00000000000000000002,00000000000000000090,NULL,00000000000000000067,0.00,2250.00,0,_binary ''),(00000000000000004465,'CAMPCCARWATE00004465','Aconcagua plus 4p',NULL,00000000000000000002,00000000000000000090,NULL,00000000000000000067,0.00,2900.00,0,_binary ''),(00000000000000004466,'PESCPCANFLOU00004466','Alpha 400',NULL,00000000000000000001,00000000000000000061,00000000000000000121,00000000000000000010,0.00,690.00,0,_binary ''),(00000000000000004467,'PESCPCANBAMB00004467','Pejerrey 4500 (15% y 5%)',NULL,00000000000000000001,00000000000000000061,00000000000000000005,00000000000000000107,0.00,1710.00,0,_binary ''),(00000000000000004468,'PESCPCANFLON00004468','Camou 400',NULL,00000000000000000001,00000000000000000061,00000000000000000005,00000000000000000050,0.00,1350.00,0,_binary ''),(00000000000000004469,'PESCPCANSURF00004469','Black Fish',NULL,00000000000000000001,00000000000000000061,00000000000000000005,00000000000000000008,0.00,1490.00,0,_binary ''),(00000000000000004470,'NAUTNRODROAN00004470','368 Naranja U para jet ski (15% desc efect y 5% de','368 Naranja U para jet ski (15% desc efect y 5% debito)',00000000000000000005,00000000000000000024,NULL,00000000000000000005,0.00,235.00,0,_binary ''),(00000000000000004471,'NAUTNRODROAN00004471','364 Proa recto c/pared c/tapas REDONDAS laterales(','364 Proa recto c/pared c/tapas REDONDAS laterales(85 mm) (15% d efect y 5% d)',00000000000000000005,00000000000000000024,NULL,00000000000000000005,0.00,235.00,0,_binary ''),(00000000000000004472,'NAUTNRODROAN00004472','335 Recto (200 cm) (15% desc efect y 5% debito)',NULL,00000000000000000005,00000000000000000024,NULL,00000000000000000005,0.00,244.00,0,_binary ''),(00000000000000004473,'NAUTNRODROAN00004473','331 Doble mini cono (85 mm) (15% desc efect y 5% d','331 Doble mini cono (85 mm) (15% desc efect y 5% debito)',00000000000000000005,00000000000000000024,NULL,00000000000000000005,0.00,95.00,0,_binary ''),(00000000000000004474,'NAUTNRODROAN00004474','365 Proa doble mini cono c/tapas REDONDAS laterale','365 Proa doble mini cono c/tapas REDONDAS laterales(85 mm)',00000000000000000005,00000000000000000011,NULL,00000000000000000005,0.00,160.00,0,_binary ''),(00000000000000004475,'NAUTNRODROAN00004475','334 Doble cono (265 cm) (15% desc efect y 5% debit','334 Doble cono (265 cm) (15% desc efect y 5% debito)',00000000000000000005,00000000000000000024,NULL,00000000000000000005,0.00,368.00,0,_binary ''),(00000000000000004476,'NAUTNRODROAN00004476','336 Recto c/ pared (15% desc efect y 5% debito)',NULL,00000000000000000005,00000000000000000024,NULL,00000000000000000005,0.00,120.00,0,_binary ''),(00000000000000004477,'NAUTNRODROAN00004477','333 Doble cono (190 cm) (15%desc efect y 5% debito','333 Doble cono (190 cm) (15%desc efect y 5% debito)',00000000000000000005,00000000000000000024,NULL,00000000000000000005,0.00,305.00,0,_binary ''),(00000000000000004478,'NAUTNRODROAN00004478','332 Doble cono (150 cm) (15% desc efect y 5% debit','332 Doble cono (150 cm) (15% desc efect y 5% debito)',00000000000000000005,00000000000000000024,NULL,00000000000000000005,0.00,195.00,0,_binary ''),(00000000000000004479,'NAUTNVDEROAN00004479','342 Repuesto Goma Sola (15% desc efect y 5% debito','342 Repuesto Goma Sola (15% desc efect y 5% debito)',00000000000000000005,00000000000000000083,NULL,00000000000000000005,0.00,185.00,0,_binary ''),(00000000000000004480,'NAUTNCINROAN00004480','Para Malacate 6m (15% desc efect y 5% debito)',NULL,00000000000000000005,00000000000000000028,NULL,00000000000000000005,0.00,245.00,0,_binary ''),(00000000000000004481,'NAUTNCINROAN00004481','434 7.50 Metros (reforzada)  para malacate (15% de','434 7.50 Metros (reforzada)  para malacate (15% desc efect y 5% debito)',00000000000000000005,00000000000000000028,NULL,00000000000000000005,0.00,343.00,0,_binary ''),(00000000000000004482,'NAUTNCINROAN00004482','481 Con crike 6 Metros (40 MM) REFORZADA ',NULL,00000000000000000005,00000000000000000028,NULL,00000000000000000005,0.00,325.00,0,_binary ''),(00000000000000004483,'NAUTNCABROAN00004483','27,5 mts oficial, (15% y 5%)',NULL,00000000000000000005,00000000000000000027,00000000000000000112,00000000000000000005,0.00,120.00,0,_binary ''),(00000000000000004484,'NAUTNBOCROAN00004484','229 Cromada 1 7/8\"',NULL,00000000000000000005,00000000000000000106,NULL,00000000000000000005,0.00,140.00,0,_binary ''),(00000000000000004485,'NAUTCNAUROAN00004485',' Doble Plana 210 (15% desc efect y 5% debito)',NULL,00000000000000000005,00000000000000000126,00000000000000000126,00000000000000000005,0.00,439.00,0,_binary ''),(00000000000000004486,'NAUTCNAUROAN00004486','1700 Doble Desarmable 210 (15% desc efect y 5% deb','1700 Doble Desarmable 210 (15% desc efect y 5% debito)',00000000000000000005,00000000000000000126,00000000000000000126,00000000000000000005,0.00,815.00,0,_binary ''),(00000000000000004487,'NAUTCNAUROAN00004487','1702 Doble Cucharita 210 (15% desc efect y 5% debi','1702 Doble Cucharita 210 (15% desc efect y 5% debito)',00000000000000000005,00000000000000000126,00000000000000000126,00000000000000000005,0.00,649.00,0,_binary ''),(00000000000000004488,'NAUTNANCROAN00004488','101 Danfor 4kg',NULL,00000000000000000005,00000000000000000026,NULL,00000000000000000005,0.00,571.00,0,_binary ''),(00000000000000004489,'NAUTNANCROAN00004489','100 Danfor 2kg',NULL,00000000000000000005,00000000000000000026,NULL,00000000000000000005,0.00,390.00,0,_binary ''),(00000000000000004490,'NAUTNANCROAN00004490','121 imperdible (RA 7) DE 4.5 A 5.7 MTS',NULL,00000000000000000005,00000000000000000026,NULL,00000000000000000005,0.00,379.00,0,_binary ''),(00000000000000004491,'NAUTNANCROAN00004491','120 Imperdible A5 (RA 5)','Recomendada para embarcaciones de 3 a 4,5mts ',00000000000000000005,00000000000000000026,NULL,00000000000000000005,0.00,250.00,0,_binary ''),(00000000000000004492,'NAUTNANCROAN00004492','102 Danfor 6kg',NULL,00000000000000000005,00000000000000000026,NULL,00000000000000000005,0.00,859.00,0,_binary ''),(00000000000000004493,'NAUTNANCROAN00004493','147 Plegable 6 kg estrella',NULL,00000000000000000005,00000000000000000026,NULL,00000000000000000005,0.00,890.00,0,_binary ''),(00000000000000004494,'NAUTNANCROAN00004494','146 Plegable 4 kg estrella',NULL,00000000000000000005,00000000000000000026,NULL,00000000000000000005,0.00,796.00,0,_binary ''),(00000000000000004495,'NAUTNANCROAN00004495','144 Plegable 2.50kg estrella',NULL,00000000000000000005,00000000000000000026,NULL,00000000000000000005,0.00,499.00,0,_binary ''),(00000000000000004496,'NAUTNANCROAN00004496','143 Plegable 1.50kg estrella',NULL,00000000000000000005,00000000000000000026,NULL,00000000000000000005,0.00,325.00,0,_binary ''),(00000000000000004497,'NAUTNCUNROAN00004497','223 Traba Enganche',NULL,00000000000000000005,00000000000000000122,NULL,00000000000000000005,0.00,87.00,0,_binary ''),(00000000000000004498,'PESCPCANSURF00004498','Rio Parana 330 m',NULL,00000000000000000001,00000000000000000061,00000000000000000103,00000000000000000008,0.00,750.00,0,_binary ''),(00000000000000004499,'PESCPCANSURF00004499','Rio Parana 3 m',NULL,00000000000000000001,00000000000000000061,00000000000000000103,00000000000000000008,0.00,630.00,0,_binary ''),(00000000000000004500,'PESCPCANSURF00004500','Surf max 390',NULL,00000000000000000001,00000000000000000061,00000000000000000087,00000000000000000008,0.00,1600.00,0,_binary ''),(00000000000000004501,'PESCPCANWATE00004501','Absolut 300',NULL,00000000000000000001,00000000000000000061,00000000000000000123,00000000000000000067,0.00,510.00,0,_binary ''),(00000000000000004502,'PESCPCANMAST00004502','IMS 210',NULL,00000000000000000001,00000000000000000061,00000000000000000087,00000000000000000073,0.00,1290.00,0,_binary ''),(00000000000000004503,'PESCPCANMAST00004503','IMS 190',NULL,00000000000000000001,00000000000000000061,00000000000000000087,00000000000000000073,0.00,990.00,0,_binary ''),(00000000000000004504,'PESCPCAJMAUR00004504','430 S (1/2 bandeja) (15% efect y 5% debit)',NULL,00000000000000000001,00000000000000000036,00000000000000000008,00000000000000000013,0.00,499.00,0,_binary ''),(00000000000000004505,'NAUTNFICROAN00004505','297 5 puntos PVC para amurar (15%desc efect y 5% d','297 5 puntos PVC para amurar (15%desc efect y 5% debito)',00000000000000000005,00000000000000000064,00000000000000000067,00000000000000000005,0.00,260.00,0,_binary ''),(00000000000000004506,'PESCPCANWATE00004506','agressor 3.5mts',NULL,00000000000000000001,00000000000000000061,00000000000000000121,00000000000000000067,0.00,790.00,0,_binary ''),(00000000000000004507,'NAUTNSALROAN00004507','998 Circular Aprobado 55 cm. naranja (mod. parana ','998 Circular Aprobado 55 cm. naranja (mod. parana No solas) ',00000000000000000005,00000000000000000063,NULL,00000000000000000005,0.00,750.00,0,_binary ''),(00000000000000004508,'CAMPCSILWATE00004508','Director ch (15%desc efect y 5%debito)',NULL,00000000000000000002,00000000000000000038,NULL,00000000000000000067,0.00,978.00,0,_binary ''),(00000000000000004509,'CAMPCCARWATE00004509','Cadaques 5p',NULL,00000000000000000002,00000000000000000090,NULL,00000000000000000067,0.00,4850.00,0,_binary ''),(00000000000000004510,'CAMPCCARWATE00004510','Caravan (1.20+2.60+1.50X2.80X1.90)',NULL,00000000000000000002,00000000000000000090,NULL,00000000000000000067,0.00,6800.00,0,_binary ''),(00000000000000004511,'CAMPCCARWATE00004511','Bravo 5p',NULL,00000000000000000002,00000000000000000090,NULL,00000000000000000067,0.00,4000.00,0,_binary ''),(00000000000000004512,'PESCPCANSURF00004512','Supra 210',NULL,00000000000000000001,00000000000000000061,00000000000000000038,00000000000000000008,0.00,890.00,0,_binary ''),(00000000000000004513,'NAUTNCADROAN00004513','173 Galvanizada 2 mts.',NULL,00000000000000000005,00000000000000000035,NULL,00000000000000000005,0.00,180.00,0,_binary ''),(00000000000000004514,'NAUTNCADROAN00004514','220 Seguridad Trailer Galvanizada (con gancho)',NULL,00000000000000000005,00000000000000000035,NULL,00000000000000000005,0.00,180.00,0,_binary ''),(00000000000000004515,'NAUTNANCROAN00004515','123 Imperdible A13 (RA13)','Recomendada para embarcaciones de 6,3 a 7,5 mts ',00000000000000000005,00000000000000000026,NULL,00000000000000000005,0.00,475.00,0,_binary ''),(00000000000000004516,'NAUTNANCROAN00004516','122 Imperdible A10 (RA 10) ','Recomendada para embarcaciones de 5,7 a 6,3mts ',00000000000000000005,00000000000000000026,NULL,00000000000000000005,0.00,438.00,0,_binary ''),(00000000000000004517,'NAUTNFICROAN00004517','298 7 puntos Alum. para amurar (15% desc efect y 5','298 7 puntos Alum. para amurar (15% desc efect y 5% debito)',00000000000000000005,00000000000000000064,00000000000000000067,00000000000000000005,0.00,299.00,0,_binary ''),(00000000000000004518,'NAUTNFICROAN00004518','295 5 puntos Area redonda (15% y 5%)',NULL,00000000000000000005,00000000000000000064,00000000000000000067,00000000000000000005,0.00,79.00,0,_binary ''),(00000000000000004519,'NAUTNSALALOF00004519','ski XL - 3 cint (Ap P.N.A) (15% y 5%)',NULL,00000000000000000005,00000000000000000063,NULL,00000000000000000086,0.00,966.00,0,_binary ''),(00000000000000004520,'PESCPCANSPIN00004520','Titan 240',NULL,00000000000000000001,00000000000000000061,00000000000000000123,00000000000000000033,0.00,440.00,0,_binary ''),(00000000000000004521,'CAMPCCONHELA00004521','lunchera (15% en efect y 5% en debito)',NULL,00000000000000000002,00000000000000000059,NULL,00000000000000000088,0.00,380.00,0,_binary ''),(00000000000000004522,'PESCPCANSILS00004522','Astra 195',NULL,00000000000000000001,00000000000000000061,00000000000000000087,00000000000000000099,0.00,780.00,0,_binary ''),(00000000000000004523,'PESCPCANSILS00004523','the runner 210',NULL,00000000000000000001,00000000000000000061,00000000000000000038,00000000000000000099,0.00,1100.00,0,_binary ''),(00000000000000004524,'PESCPCANSPIN00004524','Telecaster 360',NULL,00000000000000000001,00000000000000000061,00000000000000000121,00000000000000000033,0.00,780.00,0,_binary ''),(00000000000000004525,'PESCPCANSPIN00004525','titan 360',NULL,00000000000000000001,00000000000000000061,00000000000000000124,00000000000000000033,0.00,750.00,0,_binary ''),(00000000000000004526,'CAMPCCONHELA00004526','10 Lts. (15% desc efect y 5% en debito)',NULL,00000000000000000002,00000000000000000059,NULL,00000000000000000088,0.00,489.00,0,_binary ''),(00000000000000004527,'CAMPCBOLWATE00004527','highlang450',NULL,00000000000000000002,00000000000000000060,00000000000000000092,00000000000000000067,0.00,1890.00,0,_binary ''),(00000000000000004528,'PESCPCANWATE00004528','Carrick 2.10',NULL,00000000000000000001,00000000000000000061,00000000000000000103,00000000000000000067,0.00,390.00,0,_binary ''),(00000000000000004529,'PESCPCANSURF00004529','Rio Parana 3.60',NULL,00000000000000000001,00000000000000000061,00000000000000000103,00000000000000000008,0.00,850.00,0,_binary ''),(00000000000000004530,'NAUTNACEMERC00004530','de motor',NULL,00000000000000000005,00000000000000000088,NULL,00000000000000000036,0.00,140.00,0,_binary ''),(00000000000000004531,'NAUTNACEJOHN00004531','de motor',NULL,00000000000000000005,00000000000000000088,NULL,00000000000000000103,0.00,140.00,0,_binary ''),(00000000000000004532,'PESCPCANSURF00004532','Coas.mar azul 390',NULL,00000000000000000001,00000000000000000061,00000000000000000103,00000000000000000008,0.00,890.00,0,_binary ''),(00000000000000004533,'PESCPCANKUNN00004533','Salmon 2.10',NULL,00000000000000000001,00000000000000000061,00000000000000000087,00000000000000000002,0.00,790.00,0,_binary ''),(00000000000000004534,'NAUTNVDEROAN00004534','con soporte abrasadera (15% desc efect y 5% debito','con soporte abrasadera (15% desc efect y 5% debito)',00000000000000000005,00000000000000000083,NULL,00000000000000000005,0.00,397.00,0,_binary ''),(00000000000000004535,'NAUTNVDEROAN00004535','soldar (15% desc efect y 5% debito)',NULL,00000000000000000005,00000000000000000083,NULL,00000000000000000005,0.00,354.00,0,_binary ''),(00000000000000004536,'PESCPBOLWATE00004536','1325',NULL,00000000000000000001,00000000000000000022,00000000000000000084,00000000000000000067,0.00,615.00,0,_binary ''),(00000000000000004537,'PESCIPILSINM00004537',NULL,NULL,00000000000000000001,00000000000000000104,00000000000000000118,00000000000000000045,0.00,89.00,0,_binary ''),(00000000000000004538,'PESCIPILALBA00004538','larga sin pantalon',NULL,00000000000000000001,00000000000000000104,00000000000000000118,00000000000000000042,0.00,239.00,0,_binary ''),(00000000000000004539,'CAMPCCONCOLE00004539','marina 100qt (15% desc efect y 5% debito)',NULL,00000000000000000002,00000000000000000059,NULL,00000000000000000043,0.00,5382.00,0,_binary ''),(00000000000000004540,'PESCPCANWATE00004540','Ciclone 4',NULL,00000000000000000001,00000000000000000061,00000000000000000121,00000000000000000067,0.00,490.00,0,_binary ''),(00000000000000004541,'CAMPCCARSURF00004541','Alpine',NULL,00000000000000000002,00000000000000000090,NULL,00000000000000000008,0.00,690.00,0,_binary ''),(00000000000000004542,'NAUTNACEROAN00004542','grasa pata',NULL,00000000000000000005,00000000000000000088,NULL,00000000000000000005,0.00,0.00,0,_binary ''),(00000000000000004543,'CAMPCGARSINM00004543','2 kg',NULL,00000000000000000002,00000000000000000008,NULL,00000000000000000045,0.00,650.00,0,_binary ''),(00000000000000004544,'NAUTNSALALOF00004544','ski xxl 3 cint (ap PNA) (15% y 5%)',NULL,00000000000000000005,00000000000000000063,NULL,00000000000000000086,0.00,1020.00,0,_binary ''),(00000000000000004545,'NAUTNRUEROAN00004545','chapa y goma (15% desc efect y 5% debito)',NULL,00000000000000000005,00000000000000000021,NULL,00000000000000000005,0.00,1396.00,0,_binary ''),(00000000000000004546,'PESCPCANSURF00004546','Surf force 360',NULL,00000000000000000001,00000000000000000061,00000000000000000005,00000000000000000008,0.00,2000.00,0,_binary ''),(00000000000000004547,'PESCPCANSURF00004547','Surf max 390',NULL,00000000000000000001,00000000000000000061,00000000000000000005,00000000000000000008,0.00,2890.00,0,_binary ''),(00000000000000004548,'PESCPCANMITC00004548','premium 35o',NULL,00000000000000000001,00000000000000000061,00000000000000000005,00000000000000000018,0.00,990.00,0,_binary ''),(00000000000000004549,'NAUTNMOSROAN00004549',NULL,NULL,00000000000000000005,00000000000000000093,NULL,00000000000000000005,0.00,0.00,0,_binary ''),(00000000000000004550,'PESCPCANSURF00004550','fox 4 xx',NULL,00000000000000000001,00000000000000000061,00000000000000000040,00000000000000000008,0.00,750.00,0,_binary ''),(00000000000000004551,'PESCPCAJSINM00004551','Kase 16.5` alta',NULL,00000000000000000001,00000000000000000036,00000000000000000008,00000000000000000045,0.00,140.00,0,_binary ''),(00000000000000004552,'PESCPCAJSINM00004552','kase 16\'5 baja',NULL,00000000000000000001,00000000000000000036,00000000000000000008,00000000000000000045,0.00,125.00,0,_binary ''),(00000000000000004553,'PESCPCAJSINM00004553','Kase alta 16\'5',NULL,00000000000000000001,00000000000000000036,00000000000000000008,00000000000000000045,0.00,140.00,0,_binary ''),(00000000000000004554,'NAUTCNAUROAN00004554','190cm sin tapas (15% desc efect y 5% debito)',NULL,00000000000000000005,00000000000000000130,NULL,00000000000000000005,0.00,230.00,0,_binary ''),(00000000000000004555,'NAUTNMALROAN00004555','c/reduccion',NULL,00000000000000000005,00000000000000000055,NULL,00000000000000000005,0.00,1100.00,0,_binary ''),(00000000000000004556,'PESCPBOLWILD00004556',' (15% descuento efectivo y 5% debito)',NULL,00000000000000000001,00000000000000000022,00000000000000000084,00000000000000000025,0.00,335.00,0,_binary ''),(00000000000000004557,'NAUTNTAPSINM00004557','Mariposa ',NULL,00000000000000000005,00000000000000000039,NULL,00000000000000000045,0.00,39.00,0,_binary ''),(00000000000000004558,'PESCPCAJSINM00004558','kase',NULL,00000000000000000001,00000000000000000036,00000000000000000008,00000000000000000045,0.00,290.00,0,_binary ''),(00000000000000004559,'PESCPCANSURF00004559','Camalote 1,90 m',NULL,00000000000000000001,00000000000000000061,00000000000000000103,00000000000000000008,0.00,390.00,0,_binary ''),(00000000000000004560,'PESCPBALMAUR00004560','Portacarnada (15%efct y 5%debito)',NULL,00000000000000000001,00000000000000000045,NULL,00000000000000000013,0.00,580.00,0,_binary ''),(00000000000000004561,'NAUTCNAUROAN00004561','1.60 canadiense (15% desc efect y 5% debito)',NULL,00000000000000000005,00000000000000000126,00000000000000000126,00000000000000000005,0.00,290.00,0,_binary ''),(00000000000000004562,'PESCPWADWATE00004562','neoprene 4mm tiradores y pechera ajust',NULL,00000000000000000001,00000000000000000042,NULL,00000000000000000067,0.00,2850.00,0,_binary ''),(00000000000000004563,'PESCIPILSINM00004563','bolsa verde (15% y 5%)',NULL,00000000000000000001,00000000000000000104,00000000000000000094,00000000000000000045,0.00,830.00,0,_binary ''),(00000000000000004564,'PESCPCANWATE00004564','agressor ',NULL,00000000000000000001,00000000000000000061,00000000000000000121,00000000000000000067,0.00,790.00,0,_binary ''),(00000000000000004565,'CAMPCBOLWILD00004565','Rigido',NULL,00000000000000000002,00000000000000000007,00000000000000000009,00000000000000000025,0.00,190.00,0,_binary ''),(00000000000000004566,'CAMPCBOLWILD00004566','solo',NULL,00000000000000000002,00000000000000000007,00000000000000000009,00000000000000000025,0.00,150.00,0,_binary ''),(00000000000000004567,'CAMPCBOLDONA00004567','Con mate y Yerbero',NULL,00000000000000000002,00000000000000000007,00000000000000000009,00000000000000000063,0.00,290.00,0,_binary ''),(00000000000000004568,'PESCPCANSURF00004568','tamura 270',NULL,00000000000000000001,00000000000000000061,00000000000000000103,00000000000000000008,0.00,490.00,0,_binary ''),(00000000000000004569,'PESCPCANSURF00004569','tamura 240',NULL,00000000000000000001,00000000000000000061,00000000000000000103,00000000000000000008,0.00,460.00,0,_binary ''),(00000000000000004570,'PESCPCANSURF00004570','Atrix 430',NULL,00000000000000000001,00000000000000000061,00000000000000000005,00000000000000000008,0.00,1490.00,0,_binary ''),(00000000000000004571,'PESCPCANWATE00004571','Dyw 4m',NULL,00000000000000000001,00000000000000000061,00000000000000000005,00000000000000000067,0.00,800.00,0,_binary ''),(00000000000000004572,'PESCPCANWATE00004572','Dyw 360',NULL,00000000000000000001,00000000000000000061,00000000000000000005,00000000000000000067,0.00,700.00,0,_binary ''),(00000000000000004573,'NAUTNBIDROAN00004573','bidon nafta 25lts',NULL,00000000000000000005,00000000000000000013,NULL,00000000000000000005,0.00,385.00,0,_binary ''),(00000000000000004574,'NAUTNBIDROAN00004574','nafta 25 litros',NULL,00000000000000000005,00000000000000000013,NULL,00000000000000000005,0.00,385.00,0,_binary ''),(00000000000000004575,'PESCPCANWATE00004575','potenza 360 (15% desc efect y 5% deb)',NULL,00000000000000000001,00000000000000000061,00000000000000000122,00000000000000000067,0.00,1135.00,0,_binary ''),(00000000000000004576,'PESCPCANWATE00004576','marina 360',NULL,00000000000000000001,00000000000000000061,00000000000000000122,00000000000000000067,0.00,890.00,0,_binary ''),(00000000000000004577,'PESCPCANWATE00004577','marina 240',NULL,00000000000000000001,00000000000000000061,00000000000000000103,00000000000000000067,0.00,582.00,0,_binary ''),(00000000000000004578,'CAMPCCONCOLE00004578','70qt xtreme marine (15% desc efect y 5% debito',NULL,00000000000000000002,00000000000000000059,NULL,00000000000000000043,0.00,3450.00,0,_binary ''),(00000000000000004579,'CAMPCCONCOLE00004579','28qt  xtreme azul new (15% efect y 5%deb)',NULL,00000000000000000002,00000000000000000059,NULL,00000000000000000043,0.00,1585.00,0,_binary ''),(00000000000000004580,'CAMPCCONCOLE00004580','70qt gris oscuro (15% desc efect y 5% deb)',NULL,00000000000000000002,00000000000000000059,NULL,00000000000000000043,0.00,4370.00,0,_binary ''),(00000000000000004581,'CAMPCCONCOLE00004581','50qt marine new c rueda (15% d efect y 5%',NULL,00000000000000000002,00000000000000000059,NULL,00000000000000000043,0.00,3622.00,0,_binary ''),(00000000000000004582,'PESCPCANSURF00004582','Variant 450 (15% desc efect y 5% debito)',NULL,00000000000000000001,00000000000000000061,00000000000000000005,00000000000000000008,0.00,2045.00,0,_binary ''),(00000000000000004583,'NAUTNBOCROAN00004583','2 pulgadas',NULL,00000000000000000005,00000000000000000106,NULL,00000000000000000005,0.00,190.00,0,_binary ''),(00000000000000004584,'CAMPCBANSINM00004584',NULL,NULL,00000000000000000002,00000000000000000079,00000000000000000049,00000000000000000045,0.00,200.00,0,_binary ''),(00000000000000004585,'CAMPCCANSOPR00004585','5 lts',NULL,00000000000000000002,00000000000000000087,NULL,00000000000000000072,0.00,380.00,0,_binary ''),(00000000000000004586,'PESCPTUBAURA00004586',NULL,NULL,00000000000000000001,00000000000000000050,NULL,00000000000000000058,0.00,360.00,0,_binary ''),(00000000000000004587,'PESCPWADWATE00004587','c/botas y tiradores PVC, nylon (15% y 5%)',NULL,00000000000000000001,00000000000000000042,NULL,00000000000000000067,0.00,1940.00,0,_binary ''),(00000000000000004588,'PESCPMEDXDEL00004588','acero plegable 15% efect y 5% debito',NULL,00000000000000000001,00000000000000000118,NULL,00000000000000000109,0.00,1467.00,0,_binary ''),(00000000000000004589,'PESCPMEDXDEL00004589','red grande ',NULL,00000000000000000001,00000000000000000118,NULL,00000000000000000109,0.00,300.00,0,_binary ''),(00000000000000004590,'PESCPCANSURF00004590',NULL,NULL,00000000000000000001,00000000000000000061,00000000000000000005,00000000000000000008,0.00,0.00,0,_binary ''),(00000000000000004591,'PESCPCANSURF00004591','minotauro 360 (15% desc efect y 5% debito)',NULL,00000000000000000001,00000000000000000061,00000000000000000005,00000000000000000008,0.00,1758.00,0,_binary ''),(00000000000000004592,'INDUIPILPAMP00004592',' (15% desc en efectivo y 5% en debito)',NULL,00000000000000000004,00000000000000000104,00000000000000000094,00000000000000000108,0.00,1095.00,0,_binary ''),(00000000000000004593,'PESCPCANSURF00004593','calibber 4mts ',NULL,00000000000000000001,00000000000000000061,00000000000000000005,00000000000000000008,0.00,1050.00,0,_binary ''),(00000000000000004594,'PESCPCANSILS00004594','freedom 4.1mts ',NULL,00000000000000000001,00000000000000000061,00000000000000000005,00000000000000000099,0.00,999.00,0,_binary ''),(00000000000000004595,'PESCPCANSILS00004595','freedom 4.3 mts',NULL,00000000000000000001,00000000000000000061,00000000000000000005,00000000000000000099,0.00,1100.00,0,_binary ''),(00000000000000004596,'PESCPCANSURF00004596','under 2.1 graf',NULL,00000000000000000001,00000000000000000061,NULL,00000000000000000008,0.00,1190.00,0,_binary ''),(00000000000000004597,'PESCPCANOMOT00004597','green river 2.15 emb graf',NULL,00000000000000000001,00000000000000000061,NULL,00000000000000000001,0.00,1550.00,0,_binary ''),(00000000000000004598,'PESCPCANSILS00004598','rooster 2.1 graf',NULL,00000000000000000001,00000000000000000061,NULL,00000000000000000099,0.00,1290.00,0,_binary ''),(00000000000000004599,'PESCPCANSILS00004599','rooster graf 1.9',NULL,00000000000000000001,00000000000000000061,NULL,00000000000000000099,0.00,1050.00,0,_binary ''),(00000000000000004600,'PESCPCANSURF00004600','tigre d rio graf 2.1',NULL,00000000000000000001,00000000000000000061,NULL,00000000000000000008,0.00,690.00,0,_binary ''),(00000000000000004601,'PESCPCANSURF00004601','axar graf 1.95',NULL,00000000000000000001,00000000000000000061,NULL,00000000000000000008,0.00,990.00,0,_binary ''),(00000000000000004602,'PESCPCANSURF00004602','presti graf 1.9',NULL,00000000000000000001,00000000000000000061,NULL,00000000000000000008,0.00,650.00,0,_binary ''),(00000000000000004603,'PESCPCANSURF00004603','presti graf 2.1',NULL,00000000000000000001,00000000000000000061,NULL,00000000000000000008,0.00,790.00,0,_binary ''),(00000000000000004604,'PESCPCANSURF00004604','senator spin grff 2.1 ',NULL,00000000000000000001,00000000000000000061,NULL,00000000000000000008,0.00,790.00,0,_binary ''),(00000000000000004605,'PESCPCANSURF00004605','atractive graff 2.7',NULL,00000000000000000001,00000000000000000061,NULL,00000000000000000008,0.00,0.00,0,_binary ''),(00000000000000004606,'PESCPCANSURF00004606','atractive 2.7 graf',NULL,00000000000000000001,00000000000000000061,NULL,00000000000000000008,0.00,1250.00,0,_binary ''),(00000000000000004607,'CAMPCCOLWILD00004607','panes (15% desc en efect y 5% debito)',NULL,00000000000000000002,00000000000000000109,NULL,00000000000000000025,0.00,549.00,0,_binary ''),(00000000000000004608,'PESCPCANSURF00004608','B.O.G 2.1mts, sin porta reel',NULL,00000000000000000001,00000000000000000061,NULL,00000000000000000008,0.00,600.00,0,_binary ''),(00000000000000004609,'PESCPCANSURF00004609','B.O.G 2.4mts sin p reel',NULL,00000000000000000001,00000000000000000061,NULL,00000000000000000008,0.00,700.00,0,_binary ''),(00000000000000004610,'PESCPCANSILS00004610',' roadstar grafito 7 pasahilos 3.9mts',NULL,00000000000000000001,00000000000000000061,NULL,00000000000000000099,0.00,1960.00,0,_binary ''),(00000000000000004611,'CAMPCPARANIT00004611','grande 75x55',NULL,00000000000000000002,00000000000000000073,NULL,00000000000000000031,0.00,680.00,0,_binary ''),(00000000000000004612,'CUCHCCUCSOLF00004612','tandil. gde',NULL,00000000000000000006,00000000000000000032,NULL,00000000000000000106,0.00,490.00,0,_binary ''),(00000000000000004613,'CUCHCCUCSOLF00004613','tandil chico',NULL,00000000000000000006,00000000000000000032,NULL,00000000000000000106,0.00,450.00,0,_binary ''),(00000000000000004614,'CAMPCPARANIT00004614','chica 45x65',NULL,00000000000000000002,00000000000000000073,NULL,00000000000000000031,0.00,535.00,0,_binary ''),(00000000000000004615,'PESCPBOLSURF00004615','pescador largo (15% desc efect y 5% deb)',NULL,00000000000000000001,00000000000000000022,00000000000000000084,00000000000000000008,0.00,680.00,0,_binary ''),(00000000000000004616,'NAUTCNAUROAN00004616','120. con bichero (15% desc efect y 5% debito)',NULL,00000000000000000005,00000000000000000126,00000000000000000126,00000000000000000005,0.00,275.00,0,_binary ''),(00000000000000004617,'PESCPCANSURF00004617','speed fish 4.00 grafito (15% desc efect y 5% debit','speed fish 4.00 grafito (15% desc efect y 5% debito)',00000000000000000001,00000000000000000061,NULL,00000000000000000008,0.00,1835.00,0,_binary ''),(00000000000000004618,'CAMPCSOMALBA00004618','1.80mm',NULL,00000000000000000002,00000000000000000015,NULL,00000000000000000042,0.00,420.00,0,_binary ''),(00000000000000004619,'PESCPCANOKUM00004619','3.9mts rotativo LONGITUDE',NULL,00000000000000000001,00000000000000000061,00000000000000000087,00000000000000000074,0.00,2559.00,0,_binary ''),(00000000000000004620,'PESCPCANSURF00004620','LATITUDE 3.9 TOTATIVO ',NULL,00000000000000000001,00000000000000000061,00000000000000000087,00000000000000000008,0.00,2470.00,0,_binary ''),(00000000000000004621,'CAMPCCARSCOU00004621',NULL,NULL,00000000000000000002,00000000000000000090,NULL,00000000000000000029,0.00,0.00,0,_binary ''),(00000000000000004622,'CAMPCCARSCOU00004622','palace 3p.e app (15% desc efect y 5% deb)',NULL,00000000000000000002,00000000000000000090,NULL,00000000000000000029,0.00,1400.00,0,_binary ''),(00000000000000004623,'CAMPCCARSCOU00004623','easy volga 3p. (15% desc efect y 5% deb)',NULL,00000000000000000002,00000000000000000090,NULL,00000000000000000029,0.00,1400.00,0,_binary ''),(00000000000000004624,'CAMPCCARSCOU00004624','team 3p. easy up (15% desc efect y 5% deb)',NULL,00000000000000000002,00000000000000000090,NULL,00000000000000000029,0.00,1700.00,0,_binary ''),(00000000000000004625,'CAMPCCARSCOU00004625','apache 2p.motoquera',NULL,00000000000000000002,00000000000000000090,NULL,00000000000000000029,0.00,865.00,0,_binary ''),(00000000000000004626,'CAMPCCARSCOU00004626','alpine 2p.motoquera',NULL,00000000000000000002,00000000000000000090,NULL,00000000000000000029,0.00,865.00,0,_binary ''),(00000000000000004627,'CAMPCSILWATE00004627','director alto gde (15%desc efect y 5% debito)',NULL,00000000000000000002,00000000000000000038,00000000000000000046,00000000000000000067,0.00,1049.00,0,_binary ''),(00000000000000004628,'INDUIANTKUNN00004628','antireflex desmontables',NULL,00000000000000000004,00000000000000000121,NULL,00000000000000000002,0.00,750.00,0,_binary ''),(00000000000000004629,'CAMPCCOLEXPL00004629','single 1p (15% desc efect y 5% debito)',NULL,00000000000000000002,00000000000000000092,00000000000000000048,00000000000000000056,0.00,585.00,0,_binary ''),(00000000000000004630,'CAMPCCOLEXPL00004630','double 2p (15% desc efect y 5% debito)',NULL,00000000000000000002,00000000000000000092,00000000000000000048,00000000000000000056,0.00,790.00,0,_binary ''),(00000000000000004631,'NAUTPCHASTOR00004631','salvavidas 100/120kg (15% y 5%)',NULL,00000000000000000005,00000000000000000101,NULL,00000000000000000102,0.00,667.00,0,_binary ''),(00000000000000004632,'NAUTPCHASTOR00004632','salvavidas 80/100kg (15% y 5%)',NULL,00000000000000000005,00000000000000000101,NULL,00000000000000000102,0.00,625.00,0,_binary ''),(00000000000000004633,'NAUTPCHASTOR00004633','salvavidas 10/20kg (15% y 5%)',NULL,00000000000000000005,00000000000000000101,NULL,00000000000000000102,0.00,450.00,0,_binary ''),(00000000000000004634,'NAUTPCHASTOR00004634','salvavidas 0/10kg ( 15% y 5%)',NULL,00000000000000000005,00000000000000000101,NULL,00000000000000000102,0.00,415.00,0,_binary ''),(00000000000000004635,'CAMPCSILNAHU00004635','5pos (15% ef y 5% debito)',NULL,00000000000000000002,00000000000000000038,NULL,00000000000000000006,0.00,649.00,0,_binary ''),(00000000000000004636,'NAUTNVDEROAN00004636','v d proa jet ski c soporte (15% desc efect y 5% de','v d proa jet ski c soporte (15% desc efect y 5% debito0',00000000000000000005,00000000000000000083,NULL,00000000000000000005,0.00,410.00,0,_binary ''),(00000000000000004637,'PESCPCANKUNN00004637','makensie p frontal 4.2mts im8 (15% desc efect y 5%','makensie p frontal 4.2mts im8 (15% desc efect y 5% debito)',00000000000000000001,00000000000000000061,00000000000000000087,00000000000000000002,0.00,2655.00,0,_binary ''),(00000000000000004638,'PESCPCANKUNN00004638','makensie 4.2mts p rotativo (15% desc efect y 5% de','makensie 4.2mts p rotativo (15% desc efect y 5% debito)',00000000000000000001,00000000000000000061,00000000000000000087,00000000000000000002,0.00,2655.00,0,_binary ''),(00000000000000004639,'CAMPCLUNSPIN00004639','termica grande 6 ltas .gde (15% desc efect y 5% de','termica grande 6 ltas .gde (15% desc efect y 5% desc debito)',00000000000000000002,00000000000000000120,NULL,00000000000000000033,0.00,520.00,0,_binary ''),(00000000000000004640,'CAMPCLUNSPIN00004640','termica 5ltas (15% desc efect y 5% desc debito)',NULL,00000000000000000002,00000000000000000120,NULL,00000000000000000033,0.00,480.00,0,_binary ''),(00000000000000004641,'PESCPCANSPIN00004641','4.00mts master line graf (15% desc efect y 5% desc','4.00mts master line graf (15% desc efect y 5% desc debito)',00000000000000000001,00000000000000000061,NULL,00000000000000000033,0.00,1852.00,0,_binary ''),(00000000000000004642,'PESCPWADWATE00004642','pvc15%desc efect y 5%desc debito',NULL,00000000000000000001,00000000000000000042,NULL,00000000000000000067,0.00,1450.00,0,_binary ''),(00000000000000004643,'NAUTNBIDROAN00004643','5 lst 15% desc efect y 5% desc debito',NULL,00000000000000000005,00000000000000000013,NULL,00000000000000000005,0.00,280.00,0,_binary ''),(00000000000000004644,'PESCPCAJMAUR00004644','490 (15%desc)',NULL,00000000000000000001,00000000000000000036,00000000000000000008,00000000000000000013,0.00,1049.00,0,_binary ''),(00000000000000004645,'PESCPCANKUNN00004645','hannon 4.20  10% desc efect 5% debito',NULL,00000000000000000001,00000000000000000061,NULL,00000000000000000002,0.00,2345.00,0,_binary ''),(00000000000000004646,'PESCPCANKUNN00004646',NULL,NULL,00000000000000000001,00000000000000000061,NULL,00000000000000000002,0.00,0.00,0,_binary ''),(00000000000000004647,'PESCPBALWATE00004647','chico 15% desc efect y 5% desc debito',NULL,00000000000000000001,00000000000000000045,NULL,00000000000000000067,0.00,710.00,0,_binary ''),(00000000000000004648,'PESCPBALWATE00004648','grande 15% desc efect y 5% debito',NULL,00000000000000000001,00000000000000000045,NULL,00000000000000000067,0.00,780.00,0,_binary ''),(00000000000000004649,'PESCPFUNNUEV00004649','chica 1.4 10% desc efect y 5% desc debito.',NULL,00000000000000000001,00000000000000000080,NULL,00000000000000000111,0.00,459.00,0,_binary ''),(00000000000000004650,'PESCPFUNNUEV00004650','gde 1.6 10% desc efect y 5% desc debito',NULL,00000000000000000001,00000000000000000080,NULL,00000000000000000111,0.00,496.00,0,_binary ''),(00000000000000004651,'CAMPCCAMNUEV00004651','doble 15% desc efect y 5% desc debito',NULL,00000000000000000002,00000000000000000127,00000000000000000127,00000000000000000111,0.00,638.00,0,_binary '');
/*!40000 ALTER TABLE `art_articulo` ENABLE KEYS */;
UNLOCK TABLES;

--
-- Dumping data for table `art_articulo_cliente`
--

LOCK TABLES `art_articulo_cliente` WRITE;
/*!40000 ALTER TABLE `art_articulo_cliente` DISABLE KEYS */;
/*!40000 ALTER TABLE `art_articulo_cliente` ENABLE KEYS */;
UNLOCK TABLES;

--
-- Dumping data for table `art_articulo_proveedor`
--

LOCK TABLES `art_articulo_proveedor` WRITE;
/*!40000 ALTER TABLE `art_articulo_proveedor` DISABLE KEYS */;
/*!40000 ALTER TABLE `art_articulo_proveedor` ENABLE KEYS */;
UNLOCK TABLES;

--
-- Dumping data for table `art_clase`
--

LOCK TABLES `art_clase` WRITE;
/*!40000 ALTER TABLE `art_clase` DISABLE KEYS */;
INSERT INTO `art_clase` VALUES (00000000000000000001,'CLUZ','Luz','Luz',00000000000000000002),(00000000000000000002,'PMOLDE','Molde','Molde',00000000000000000001),(00000000000000000003,'PLINEA','Linea','Linea',00000000000000000001),(00000000000000000004,'PBOYA','Boya','Boya',00000000000000000001),(00000000000000000005,'CBALIN','Balin','Balin',00000000000000000002),(00000000000000000006,'CCAMISA','Camisa','Camisa',00000000000000000002),(00000000000000000007,'CBOLSO','Bolso','Bolso',00000000000000000002),(00000000000000000008,'CGARRAFA','Garrafa','Garrafa',00000000000000000002),(00000000000000000009,'PCOMBO','Combo','Combo',00000000000000000001),(00000000000000000010,'CMARMITA','Marmita','Marmita',00000000000000000002),(00000000000000000011,'NRODILLOPLASTICO','Rodillo Plastico','Rodillo plastico',00000000000000000005),(00000000000000000012,'PCAMPANITA','Campanita','Campanita',00000000000000000001),(00000000000000000013,'NBIDON','Bidon','Bidon',00000000000000000005),(00000000000000000014,'CCANO','Caño','Caño',00000000000000000002),(00000000000000000015,'CSOMBRILLA','Sombrilla','Sombrilla',00000000000000000002),(00000000000000000016,'PCAPUCHON','Capuchon','Capuchon',00000000000000000001),(00000000000000000017,'PVIVERO','Vivero','Vivero',00000000000000000001),(00000000000000000018,'IGUANTES','Guantes','Guantes',00000000000000000004),(00000000000000000019,'NPARCHE','Parche','Parche',00000000000000000005),(00000000000000000020,'PENTORCHADO','Entorchado','Entorchado',00000000000000000001),(00000000000000000021,'NRUEDATIMONERA','Rueda Timonera','Rueda timonera',00000000000000000005),(00000000000000000022,'PBOLSO','Bolso','Bolso',00000000000000000001),(00000000000000000023,'PORDENADOR','Ordenador','Ordenador',00000000000000000001),(00000000000000000024,'NRODILLOGOMA','Rodillo Goma','Rodillo Goma',00000000000000000005),(00000000000000000025,'NACOPLE','Acople','Acople',00000000000000000005),(00000000000000000026,'NANCLA','Ancla','Ancla',00000000000000000005),(00000000000000000027,'NCABO','Cabo','Cabo',00000000000000000005),(00000000000000000028,'NCINTA','Cinta','Cinta',00000000000000000005),(00000000000000000029,'CBOMBILLA','Bombilla','Bombilla',00000000000000000002),(00000000000000000030,'CLINTERNA','Linterna','Linterna',00000000000000000002),(00000000000000000031,'CMECHERO','Mechero','Mechero',00000000000000000002),(00000000000000000032,'CCUCHILLO','Cuchillo','Cuchillo',00000000000000000002),(00000000000000000033,'PBOGAGRIP','Bogagrip','Bogagrip',00000000000000000001),(00000000000000000034,'PTABLA','Tabla','Tabla',00000000000000000001),(00000000000000000035,'NCADENA','Cadena','Cadena',00000000000000000005),(00000000000000000036,'PCAJA','Caja','Caja',00000000000000000001),(00000000000000000037,'CSOLDENOCHE','Sol De Noche','Sol de noche',00000000000000000002),(00000000000000000038,'CSILLON','Sillon','Sillon',00000000000000000002),(00000000000000000039,'NTAPON','Tapón','Tapón',00000000000000000005),(00000000000000000040,'PFLOTALINEA','Flotalinea','Flotalinea',00000000000000000001),(00000000000000000041,'PALCAHUETE','Alcahuete','Alcahuete',00000000000000000001),(00000000000000000042,'PWADER','Wader','Wader',00000000000000000001),(00000000000000000043,'NGANCHO','Gancho','Gancho',00000000000000000005),(00000000000000000044,'CPEGAMENTO','Pegamento','Pegamento',00000000000000000002),(00000000000000000045,'PBALDE','Balde','Balde',00000000000000000001),(00000000000000000046,'PESMERILLON','Esmerillon','Esmerillon',00000000000000000001),(00000000000000000047,'PPOSACANA','Posa Caña','Posa Caña',00000000000000000001),(00000000000000000048,'CTANZA','Tanza','Tanza',00000000000000000002),(00000000000000000049,'PREEL','Reel','Reel',00000000000000000001),(00000000000000000050,'PTUBOPORTACANIA','Tubo Porta Cania','Tubo porta cania',00000000000000000001),(00000000000000000051,'IBUZO','Buzo','Buzo',00000000000000000004),(00000000000000000052,'NENGANCHE','Enganche','Enganche',00000000000000000005),(00000000000000000053,'CTUBO','Tubo','Tubo',00000000000000000002),(00000000000000000054,'CFAROL','Farol','Farol',00000000000000000002),(00000000000000000055,'NMALACATE','Malacate','Malacate',00000000000000000005),(00000000000000000056,'PANZUELO','Anzuelo','Anzuelo',00000000000000000001),(00000000000000000057,'CCARTUCHO','Cartucho','Cartucho',00000000000000000002),(00000000000000000058,'CAISLANTE','Aislante','Aislante',00000000000000000002),(00000000000000000059,'CCONSERVADORA','Conservadora','Conservadora',00000000000000000002),(00000000000000000060,'CBOLSA','Bolsa','Bolsa',00000000000000000002),(00000000000000000061,'PCANA','Caña','Caña',00000000000000000001),(00000000000000000062,'IENTERITO','Enterito','Enterito',00000000000000000004),(00000000000000000063,'NSALVAVIDA','Salvavida','Salvavida',00000000000000000005),(00000000000000000064,'NFICHA','Ficha','Ficha',00000000000000000005),(00000000000000000065,'CTERMO','Termo','Termo',00000000000000000002),(00000000000000000066,'PMULTIFILAMENTO','Multifilamento','Multifilamento',00000000000000000001),(00000000000000000067,'CTAPON','Tapón','Tapón',00000000000000000002),(00000000000000000068,'CINFLADOR','Inflador','Inflador',00000000000000000002),(00000000000000000069,'PBALANZA','Balanza','Balanza',00000000000000000001),(00000000000000000070,'IMEDIAS','Medias','Medias',00000000000000000004),(00000000000000000071,'NPOSACANA','Posa Caña','Posa Caña',00000000000000000005),(00000000000000000072,'PCABLE','Cable','Cable',00000000000000000001),(00000000000000000073,'CPARRILLA','Parrilla','Parrilla',00000000000000000002),(00000000000000000074,'PTANZA','Tanza','Tanza',00000000000000000001),(00000000000000000075,'NSOGA','Soga','Soga',00000000000000000005),(00000000000000000076,'PPIOLIN','Piolin','Piolin',00000000000000000001),(00000000000000000077,'CJARRO','Jarro','Jarro',00000000000000000002),(00000000000000000078,'PCHICOTE','Chicote','Chicote',00000000000000000001),(00000000000000000079,'CBANCO','Banco','Banco',00000000000000000002),(00000000000000000080,'PFUNDA','Funda','Funda',00000000000000000001),(00000000000000000081,'NTANQUEDENAFTA','Tanque De Nafta','Tanque de nafta',00000000000000000005),(00000000000000000082,'CBRUJULA','Brujula','Brujula',00000000000000000002),(00000000000000000083,'NVDEPROA','V De Proa','V de Proa',00000000000000000005),(00000000000000000084,'PSENUELO','Señuelo','Señuelo',00000000000000000001),(00000000000000000085,'PCOPO','Copo','Copo',00000000000000000001),(00000000000000000086,'PMORRAL','Morral','Morral',00000000000000000001),(00000000000000000087,'CCANTIMPLORA','Cantimplora','Cantimplora',00000000000000000002),(00000000000000000088,'NACEITE','Aceite','Aceite',00000000000000000005),(00000000000000000089,'IPANTALON','Pantalon','Pantalon',00000000000000000004),(00000000000000000090,'CCARPA','Carpa','Carpa',00000000000000000002),(00000000000000000091,'NCUNA','Cuña','Cuña',00000000000000000005),(00000000000000000092,'CCOLCHON','Colchon','Colchon',00000000000000000002),(00000000000000000093,'NMOSQUETON','Mosqueton','Mosqueton',00000000000000000005),(00000000000000000094,'PGORRO','Gorro','Gorro',00000000000000000001),(00000000000000000095,'NREMO','Remo','Remo',00000000000000000005),(00000000000000000096,'PRULERO','Rulero','Rulero',00000000000000000001),(00000000000000000097,'CADAPTADOR','Adaptador','Adaptador',00000000000000000002),(00000000000000000098,'PCARNADA','Carnada','Carnada',00000000000000000001),(00000000000000000099,'NALFILER','Alfiler','Alfiler',00000000000000000005),(00000000000000000100,'PPORTACANA','Porta Caña','Porta Caña',00000000000000000001),(00000000000000000101,'PCHALECO','Chaleco','Chaleco',00000000000000000001),(00000000000000000102,'PPINZA','Pinza','Pinza',00000000000000000001),(00000000000000000103,'NGRILLETE','Grillete','Grillete',00000000000000000005),(00000000000000000104,'IPILOTO','Piloto','Piloto',00000000000000000004),(00000000000000000105,'PLIDER','Lider','Lider',00000000000000000001),(00000000000000000106,'NBOCHA','Bocha','Bocha',00000000000000000005),(00000000000000000107,'CANAFE','Anafe','Anafe',00000000000000000002),(00000000000000000108,'CVALVULA','Válvula','Válvula',00000000000000000002),(00000000000000000109,'CCOLCHONETA','Colchoneta','Colchoneta',00000000000000000002),(00000000000000000110,'CVARILLA','Varilla','Varilla',00000000000000000002),(00000000000000000111,'CHORNALLA','Hornalla','Hornalla',00000000000000000002),(00000000000000000112,'NBUJIA','Bujía','Bujía',00000000000000000005),(00000000000000000113,'PCEBO','Cebo','Cebo',00000000000000000001),(00000000000000000114,'CGOMERA','Gomera','Gomera',00000000000000000002),(00000000000000000115,'NBENGALA','Bengala','Bengala',00000000000000000005),(00000000000000000116,'PPORTABRAZOLADA','Porta Brazolada','Porta brazolada',00000000000000000001),(00000000000000000117,'NPERANAFTA','Pera Nafta','Pera Nafta',00000000000000000005),(00000000000000000118,'PMEDIOMUNDO','Medio mundo','Medio mundo',00000000000000000001),(00000000000000000119,'CMESA','Mesa','Mesa',00000000000000000002),(00000000000000000120,'CLUNCHERA','Lunchera','Lunchera',00000000000000000002),(00000000000000000121,'IANTEOJO','Anteojos','Anteojos',00000000000000000004),(00000000000000000122,'NCUNIA','Cunia','Cunia',00000000000000000005),(00000000000000000123,'CESTACA','Estaca','Estaca',00000000000000000002),(00000000000000000126,'CNAUTIXPALA000000124','Pala','Pala',00000000000000000005),(00000000000000000127,'CCAMPIPLATO000000127','Plato','Plato',00000000000000000002),(00000000000000000128,'CNAUTIPORTA000000128','Porta bocha','Porta bocha',00000000000000000005),(00000000000000000129,'CCAMPIPORTA000000129','Porta termo','Porta termo',00000000000000000002),(00000000000000000130,'CNAUTISOPOR000000130','Soporte rodillo','Soporte rodillo',00000000000000000005);
/*!40000 ALTER TABLE `art_clase` ENABLE KEYS */;
UNLOCK TABLES;

--
-- Dumping data for table `art_cliente`
--

LOCK TABLES `art_cliente` WRITE;
/*!40000 ALTER TABLE `art_cliente` DISABLE KEYS */;
/*!40000 ALTER TABLE `art_cliente` ENABLE KEYS */;
UNLOCK TABLES;

--
-- Dumping data for table `art_compra`
--

LOCK TABLES `art_compra` WRITE;
/*!40000 ALTER TABLE `art_compra` DISABLE KEYS */;
/*!40000 ALTER TABLE `art_compra` ENABLE KEYS */;
UNLOCK TABLES;

--
-- Dumping data for table `art_compra_articulo`
--

LOCK TABLES `art_compra_articulo` WRITE;
/*!40000 ALTER TABLE `art_compra_articulo` DISABLE KEYS */;
/*!40000 ALTER TABLE `art_compra_articulo` ENABLE KEYS */;
UNLOCK TABLES;

--
-- Dumping data for table `art_marca`
--

LOCK TABLES `art_marca` WRITE;
/*!40000 ALTER TABLE `art_marca` DISABLE KEYS */;
INSERT INTO `art_marca` VALUES (00000000000000000001,'OMOTO','Omoto','Omoto'),(00000000000000000002,'KUNNAN','Kunnan','Kunnan'),(00000000000000000003,'CROCODRILE','Crocodrile','Crocodrile'),(00000000000000000004,'GAUCHOARGENTINO','Gaucho Argentino','Gaucho Argentino'),(00000000000000000005,'ROAN','Roan','Roan'),(00000000000000000006,'NAHUEL','Nahuel','Nahuel'),(00000000000000000007,'DELTA','Delta','Delta'),(00000000000000000008,'SURFISH','Surfish','Surfish'),(00000000000000000009,'FLONUNDER','Flonunder','Flonunder'),(00000000000000000010,'FLOUNDER','Flounder','Flounder'),(00000000000000000011,'DP','DP','DP'),(00000000000000000012,'PCA','Pca','Pca'),(00000000000000000013,'MAURI','Mauri','Mauri'),(00000000000000000014,'CRIBAL','Cribal','Cribal'),(00000000000000000015,'DOBLET','Doble T','Doble T'),(00000000000000000016,'MISI','Misi','Misi'),(00000000000000000017,'TRIPLEFISH','Triple Fish','Triple Fish'),(00000000000000000018,'MITCHELL','Mitchell','Mitchell'),(00000000000000000019,'CHAMPIONUSA','Champion Usa','Champion Usa'),(00000000000000000020,'REDFISH','Red Fish','Red Fish'),(00000000000000000021,'COLONY','Colony','Colony'),(00000000000000000022,'BNV','BNV','BNV'),(00000000000000000023,'COBRA','Cobra','Cobra'),(00000000000000000024,'ECOFER','Ecofer','Ecofer'),(00000000000000000025,'WILDLIFE','Wild Life','Wild Life'),(00000000000000000026,'WHIPLASH','Whiplash','Whiplash'),(00000000000000000027,'STARLIGHT','Starlight','Starlight'),(00000000000000000028,'FISHING','Fishing','Fishing'),(00000000000000000029,'SCOUT','Scout','Scout'),(00000000000000000030,'ASSO','Asso','Asso'),(00000000000000000031,'ANITA','Anita','Anita'),(00000000000000000032,'JOSE','Jose','Jose'),(00000000000000000033,'SPINIT','Spinit','Spinit'),(00000000000000000034,'WJ','WJ','WJ'),(00000000000000000035,'BANDO','Bando','Bando'),(00000000000000000036,'MERCURY','Mercury','Mercury'),(00000000000000000037,'DEPREDADOR','Depredador','Depredador'),(00000000000000000038,'STARLIGTH','Starligth','Starligth'),(00000000000000000039,'MONTAGNE','Montagne','Montagne'),(00000000000000000040,'MARINESPORT','Marine Sport','Marine Sport'),(00000000000000000041,'EAGLECLAW','Eagle Claw','Eagle Claw'),(00000000000000000042,'ALBATROS','Albatros','Albatros'),(00000000000000000043,'COLEMAN','Coleman','Coleman'),(00000000000000000044,'EVINRUDE','Evinrude','Evinrude'),(00000000000000000045,'SINMARCA','Sin Marca','Sin Marca'),(00000000000000000046,'HILANDER','Hilander','Hilander'),(00000000000000000047,'BAMBOO','Bamboo','Bamboo'),(00000000000000000048,'SHIMANO','Shimano','Shimano'),(00000000000000000049,'PARAF','Paraf','Paraf'),(00000000000000000050,'FLONAL','Flonal','Flonal'),(00000000000000000051,'TROCKEN','Trocken','Trocken'),(00000000000000000052,'CARMUC','Carmuc','Carmuc'),(00000000000000000053,'CEL','CEL','CEL'),(00000000000000000054,'POXITAS','Poxitas','Poxitas'),(00000000000000000055,'MONTAGUE','Montague','Montague'),(00000000000000000056,'EXPLORER','Explorer','Explorer'),(00000000000000000057,'KASSE','Kasse','Kasse'),(00000000000000000058,'AURAL','Aural','Aural'),(00000000000000000059,'BESTWAY','Bestway','Bestway'),(00000000000000000060,'BANAX','Banax','Banax'),(00000000000000000061,'DAIWA','Daiwa','Daiwa'),(00000000000000000062,'POXIRAN','Poxiran','Poxiran'),(00000000000000000063,'DONATO','Donato','Donato'),(00000000000000000064,'VEXUS','Vexus','Vexus'),(00000000000000000065,'DURACELL','Duracell','Duracell'),(00000000000000000066,'LEMBU','Lembu','Lembu'),(00000000000000000067,'WATERDOG','Waterdog','Waterdog'),(00000000000000000068,'TOMY','Tomy','Tomy'),(00000000000000000069,'NITO','Nito','Nito'),(00000000000000000070,'RIGLON','Riglon','Riglon'),(00000000000000000071,'RAIGLON','Raiglon','Raiglon'),(00000000000000000072,'SOPRANO','Soprano','Soprano'),(00000000000000000073,'MASTERFISH','Master Fish','Master Fish'),(00000000000000000074,'OKUMA','Okuma','Okuma'),(00000000000000000075,'CLARKS','Clarks','Clarks'),(00000000000000000076,'TICA','Tica','Tica'),(00000000000000000077,'NEWMILENIO','New Milenio','New Milenio'),(00000000000000000078,'MUSTAD','Mustad','Mustad'),(00000000000000000079,'ABUGARCIA','Abu Garcia','Abu Garcia'),(00000000000000000080,'JONES','Jones','Jones'),(00000000000000000081,'GRILON','Grilon','Grilon'),(00000000000000000082,'NITANYL','Nitanyl','Nitanyl'),(00000000000000000083,'CHINO','Chino','Chino'),(00000000000000000084,'ELFIN','El Fin','El Fin'),(00000000000000000085,'PETER','Peter','Peter'),(00000000000000000086,'ALOFT','Aloft','Aloft'),(00000000000000000087,'SUFIX','Sufix','Sufix'),(00000000000000000088,'HELATODO','Helatodo','Helatodo'),(00000000000000000089,'MAGICA','Mágica','Mágica'),(00000000000000000090,'HDI','HDI','HDI'),(00000000000000000091,'FOCO','Foco','Foco'),(00000000000000000092,'KUNAN','Kunan','Kunan'),(00000000000000000093,'FLASHLIGHT','Flashlight','Flashlight'),(00000000000000000094,'AILEN','Ailen','Ailen'),(00000000000000000095,'MISIPARAF','Misi / Paraf','Misi / Paraf'),(00000000000000000096,'OLIMPIA','Olimpia','Olimpia'),(00000000000000000097,'BOCKPLAST','Bock Plast','Bock Plast'),(00000000000000000098,'PFLUEGUER','Pflueguer','Pflueguer'),(00000000000000000099,'SILSTAR','Silstar','Silstar'),(00000000000000000100,'ENMAR','Enmar','Enmar'),(00000000000000000101,'YAMAHA','Yamaha','Yamaha'),(00000000000000000102,'STORM','Storm','Storm'),(00000000000000000103,'JOHNSON','Johnson','Johnson'),(00000000000000000105,'O5','05','05'),(00000000000000000106,'SOLFER','Sol Fer','Sol Fer'),(00000000000000000107,'BAMBU','Bambu','Bambu'),(00000000000000000108,'PAMPERO','Pampero','Pampero'),(00000000000000000109,'DEL','Del','Del'),(00000000000000000111,'NUEVOMILENIO','Nuevo Milenio','Nuevo Milenio');
/*!40000 ALTER TABLE `art_marca` ENABLE KEYS */;
UNLOCK TABLES;

--
-- Dumping data for table `art_proveedor`
--

LOCK TABLES `art_proveedor` WRITE;
/*!40000 ALTER TABLE `art_proveedor` DISABLE KEYS */;
/*!40000 ALTER TABLE `art_proveedor` ENABLE KEYS */;
UNLOCK TABLES;

--
-- Dumping data for table `art_rubro`
--

LOCK TABLES `art_rubro` WRITE;
/*!40000 ALTER TABLE `art_rubro` DISABLE KEYS */;
INSERT INTO `art_rubro` VALUES (00000000000000000001,'PESCA','Pesca','Rubro relacionado con los articulos de pesca'),(00000000000000000002,'CAMPING','Camping','Rubro relacionado con los articulos de camping'),(00000000000000000003,'CAZA','Caza','Rubro relacionado con los articulos de caza'),(00000000000000000004,'INDUMENTARIA','Indumentaria','Rubro relacionado con los articulos de indumentaria'),(00000000000000000005,'NAUTICA','Náutica','Rubro relacionado con los articulos de náutica'),(00000000000000000006,'CUCHILLERIA','Cuchilleria','Cuchilleria');
/*!40000 ALTER TABLE `art_rubro` ENABLE KEYS */;
UNLOCK TABLES;

--
-- Dumping data for table `art_tipo`
--

LOCK TABLES `art_tipo` WRITE;
/*!40000 ALTER TABLE `art_tipo` DISABLE KEYS */;
INSERT INTO `art_tipo` VALUES (00000000000000000001,'BTARUCHA','Tarucha','Boya Tarucha',00000000000000000004),(00000000000000000002,'AIMPERDIBLE','Imperdible','Ancla Imperdible',00000000000000000026),(00000000000000000003,'RRECTO','Recto','Rodillo Goma Recto',00000000000000000024),(00000000000000000004,'BESFERICO','Esférico','Balin Esférico',00000000000000000005),(00000000000000000005,'CTELESCOPICAGRAFITO','Telescópica Grafito','Caña Telescópica grafito',00000000000000000061),(00000000000000000006,'BPORTACARNADA','Porta Carnada','Balde Porta carnada',00000000000000000045),(00000000000000000007,'RDOBLE','Doble','Remo Doble',00000000000000000095),(00000000000000000008,'CDEPESCA','De Pesca','Caja De Pesca',00000000000000000036),(00000000000000000009,'BMATERO','Matero','Bolso Matero',00000000000000000007),(00000000000000000010,'BPUNTERO','Puntero','Boya Puntero',00000000000000000004),(00000000000000000011,'CPARAMALACATE','Para Malacate','Cinta Para malacate',00000000000000000028),(00000000000000000012,'BMATE','Mate','Bombilla Mate',00000000000000000029),(00000000000000000013,'BDOBLEPROA','Doble Proa','Boya Doble proa',00000000000000000004),(00000000000000000014,'BTERMICO','Térmico','Buzo Térmico',00000000000000000051),(00000000000000000015,'ETERMICO','Térmico','Enterito Térmico',00000000000000000062),(00000000000000000016,'PANGULO','Angulo','Posa Caña Angulo',00000000000000000047),(00000000000000000017,'ALISABOGA','Lisa / Boga','Anzuelo Lisa / Boga',00000000000000000056),(00000000000000000018,'AVARIADA','Variada','Anzuelo Variada',00000000000000000056),(00000000000000000019,'RBAITCAST','Baitcast','Reel Baitcast',00000000000000000049),(00000000000000000020,'FLED','Led','Farol Led',00000000000000000054),(00000000000000000021,'LPATERNOSTER','Pater Noster','Linea Pater Noster',00000000000000000003),(00000000000000000022,'VIGLOO','Igloo','Varilla Igloo',00000000000000000110),(00000000000000000023,'CPARAANCLA','Para Ancla','Cadena Para Ancla',00000000000000000035),(00000000000000000024,'CMOJARRERA','Mojarrera','Caña Mojarrera',00000000000000000061),(00000000000000000025,'LHIBRIDA','Hibrida','Linea Hibrida',00000000000000000003),(00000000000000000026,'CKAYAK','Kayak','Caña Kayak',00000000000000000061),(00000000000000000027,'STARUCHA','Tarucha','Señuelo Tarucha',00000000000000000084),(00000000000000000028,'MBOMBERO','Bombero','Mosqueton Bombero',00000000000000000093),(00000000000000000029,'TDESAGOTE','Desagote','Tapón Desagote',00000000000000000039),(00000000000000000030,'CACERO','Acero','Cable Acero',00000000000000000072),(00000000000000000031,'CPARACANA','Para Caña','Capuchon Para caña',00000000000000000016),(00000000000000000032,'SELASTICA','Elástica','Soga Elástica',00000000000000000075),(00000000000000000033,'SSKY','Sky','Soga Sky',00000000000000000075),(00000000000000000034,'GRECTO','Recto','Grillete Recto',00000000000000000103),(00000000000000000035,'CPARAANZUELOS','Para Anzuelos','Caja Para anzuelos',00000000000000000036),(00000000000000000036,'ETRAILER','Trailer','Enganche Trailer',00000000000000000052),(00000000000000000037,'CDETUL','De Tul','Copo De tul',00000000000000000085),(00000000000000000038,'CEMBARCADO','Embarcado','Caña Embarcado',00000000000000000061),(00000000000000000039,'RCANADIENSE','Canadiense','Remo Canadiense',00000000000000000095),(00000000000000000040,'COVNIMITADYMITAD','Ovni Mitad Y Mitad','Caña Ovni mitad y mitad',00000000000000000061),(00000000000000000041,'MPARAPLOMO','Para Plomo','Molde Para plomo',00000000000000000002),(00000000000000000042,'CENPANES','En Panes','Colchoneta En panes',00000000000000000109),(00000000000000000043,'HREDONDAS','Redondas','Hornalla Redondas',00000000000000000111),(00000000000000000044,'CDEAMARRE','De Amarre','Cinta De amarre',00000000000000000028),(00000000000000000045,'CCANADIENSE','Canadiense','Carpa Canadiense',00000000000000000090),(00000000000000000046,'SDIRECTOR','Director','Sillon Director',00000000000000000038),(00000000000000000047,'C2TRAMOSFIBRAMACIZA','2 Tramos Fibra Maciza','Caña 2 tramos fibra maciza',00000000000000000061),(00000000000000000048,'CINFLABLE','Inflable','Colchon Inflable',00000000000000000092),(00000000000000000049,'BTIJERA','Tijera','Banco Tijera',00000000000000000079),(00000000000000000050,'CLUNCHERA','Lunchera','Conservadora Lunchera',00000000000000000059),(00000000000000000051,'CPASTA','Pasta','Carnada Pasta',00000000000000000098),(00000000000000000052,'IMEDIANO','Mediano','Inflador Mediano',00000000000000000068),(00000000000000000053,'TBOBINA','Bobina','Tanza Bobina',00000000000000000074),(00000000000000000054,'LMINERA','Minera','Linterna Minera',00000000000000000030),(00000000000000000055,'LFLOTE','Flote','Linea Flote',00000000000000000003),(00000000000000000056,'RFRONTAL','Frontal','Reel Frontal',00000000000000000049),(00000000000000000057,'VALAMBRE','Alambre','Vivero Alambre',00000000000000000017),(00000000000000000058,'TWEEKEND','Weekend','Termo Weekend',00000000000000000065),(00000000000000000059,'VDEGAS','De Gas','Válvula De gas',00000000000000000108),(00000000000000000060,'PVARILLA','Varilla','Posa Caña Varilla',00000000000000000047),(00000000000000000061,'BZANAHORIA','Zanahoria','Boya Zanahoria',00000000000000000004),(00000000000000000062,'IGRANDE','Grande','Inflador Grande',00000000000000000068),(00000000000000000063,'JTERMICO','Térmico','Jarro Térmico',00000000000000000077),(00000000000000000064,'LFONDO','Fondo','Linea Fondo',00000000000000000003),(00000000000000000065,'BFONDEO','Fondeo','Boya Fondeo',00000000000000000004),(00000000000000000066,'WPVC','PVC','Wader PVC',00000000000000000042),(00000000000000000067,'FTRAILER','Trailer','Ficha Trailer',00000000000000000064),(00000000000000000068,'TBORDEADORA','Bordeadora','Tanza Bordeadora',00000000000000000048),(00000000000000000069,'WNEOPRENE','Neoprene','Wader Neoprene',00000000000000000042),(00000000000000000070,'CDEENROLLAR','De Enrollar','Colchoneta De enrollar',00000000000000000109),(00000000000000000071,'BCOPA','Copa','Balin Copa',00000000000000000005),(00000000000000000072,'BPINGPONG','Ping Pong','Boya Ping Pong',00000000000000000004),(00000000000000000073,'ADEMOTOR','De Motor','Aceite De motor',00000000000000000088),(00000000000000000074,'CVARIADA','Variada','Combo Variada',00000000000000000009),(00000000000000000075,'AESTRELLA','Estrella','Ancla Estrella',00000000000000000026),(00000000000000000076,'AMOJARRERO','Mojarrero','Anzuelo Mojarrero',00000000000000000056),(00000000000000000077,'SMULTIFILAMENTO','Multifilamento','Soga Multifilamento',00000000000000000075),(00000000000000000078,'ALAVAMOTOR','Lavamotor','Acople Lavamotor',00000000000000000025),(00000000000000000079,'BYOYO','Yo-yo','Boya Yo-yo',00000000000000000004),(00000000000000000080,'ADANFORTH','Danforth','Ancla Danforth',00000000000000000026),(00000000000000000081,'CGASBUTANO','Gas Butano','Cartucho Gas Butano',00000000000000000057),(00000000000000000082,'ACORVINA','Corvina','Anzuelo Corvina',00000000000000000056),(00000000000000000083,'CHERRAMIENTAS','Herramientas','Caja Herramientas',00000000000000000036),(00000000000000000084,'BDEPESCA','De Pesca','Bolso De Pesca',00000000000000000022),(00000000000000000085,'ICHICO','Chico','Inflador Chico',00000000000000000068),(00000000000000000086,'HPARADISCO','Para Disco','Hornalla Para disco',00000000000000000111),(00000000000000000087,'C2TRAMOSGRAF','2 Tramos Graf','Caña 2 tramos graf',00000000000000000061),(00000000000000000088,'APEJERREY','Pejerrey','Anzuelo Pejerrey',00000000000000000056),(00000000000000000089,'ACAPA','Capa','Ancla Capa',00000000000000000026),(00000000000000000090,'BPEJERREY','Pejerrey','Boya Pejerrey',00000000000000000004),(00000000000000000091,'TTERMO','Termo','Tapón Termo',00000000000000000067),(00000000000000000092,'BDEDORMIR','De Dormir','Bolsa De Dormir',00000000000000000060),(00000000000000000093,'BMOJARRERA','Mojarrera','Boya Mojarrera',00000000000000000004),(00000000000000000094,'PTRAJE','Traje','Piloto Traje',00000000000000000104),(00000000000000000095,'PTERMICO','Térmico','Pantalon Térmico',00000000000000000089),(00000000000000000096,'AANTIENGANCHE','Antienganche','Anzuelo Antienganche',00000000000000000056),(00000000000000000097,'BMANDALE','Mandale','Boya Mandale',00000000000000000004),(00000000000000000098,'BACEITUNA','Aceituna','Boya Aceituna',00000000000000000004),(00000000000000000099,'TACERO','Acero','Termo Acero',00000000000000000065),(00000000000000000100,'MNEOPRENE','Neoprene','Medias Neoprene',00000000000000000070),(00000000000000000101,'APARAGARRAFA','Para Garrafa','Adaptador Para Garrafa',00000000000000000097),(00000000000000000102,'BDIENTUDO','Dientudo','Boya Dientudo',00000000000000000004),(00000000000000000103,'C2TRAMOSFIBRA','2 Tramos Fibra','Caña 2 tramos fibra',00000000000000000061),(00000000000000000104,'CENGANCHE','Enganche','Cuña Enganche',00000000000000000091),(00000000000000000105,'LACERO','Acero','Lider Acero',00000000000000000105),(00000000000000000106,'PSACAANZUELO','Saca Anzuelo','Pinza Saca anzuelo',00000000000000000102),(00000000000000000107,'ATRIPLE','Triple','Anzuelo Triple',00000000000000000056),(00000000000000000108,'BNAFTA','Nafta','Bidon Nafta',00000000000000000013),(00000000000000000109,'BPATERNOSTER','Pater Noster','Boya Pater Noster',00000000000000000004),(00000000000000000110,'CDERED','De Red','Copo De Red',00000000000000000085),(00000000000000000111,'TDEFAROL','De Farol','Tubo De farol',00000000000000000053),(00000000000000000112,'CFLOTANTE','Flotante','Cabo Flotante',00000000000000000027),(00000000000000000113,'BBULBO','Bulbo','Boya Bulbo',00000000000000000004),(00000000000000000114,'RROTATIVO','Rotativo','Reel Rotativo',00000000000000000049),(00000000000000000115,'CDESEGURIDAD','De Seguridad','Cadena De seguridad',00000000000000000035),(00000000000000000116,'HCUADRADA','Cuadrada','Hornalla Cuadrada',00000000000000000111),(00000000000000000117,'CIGLOO','Igloo','Carpa Igloo',00000000000000000090),(00000000000000000118,'PPONCHO','Poncho','Piloto Poncho',00000000000000000104),(00000000000000000119,'BBIGOTERA','Bigotera','Boya Bigotera',00000000000000000004),(00000000000000000120,'CCUMBRERA','Cumbrera','Caño Cumbrera',00000000000000000014),(00000000000000000121,'CTELESCOPICAFIBRA','Telescópica Fibra','Caña Telescópica fibra',00000000000000000061),(00000000000000000122,'TPCANALANZA000000122','Lanzar','Caña de lanzar ',00000000000000000061),(00000000000000000123,'TPCANATELES000000123','Telescópica Variada','Caña telescópica de variada',00000000000000000061),(00000000000000000124,'TPCANATELES000000124','Telescópica Mar','Caña telescópica de mar',00000000000000000061),(00000000000000000125,'TIMEDITERMI000000125','Térmicas','Medias Térmicas',00000000000000000070),(00000000000000000126,'TCNAUTALUMI000000126','Aluminio','Pala de aluminio',00000000000000000126),(00000000000000000127,'TCCAMPTERMI000000127','Térmico','Térmico',00000000000000000127);
/*!40000 ALTER TABLE `art_tipo` ENABLE KEYS */;
UNLOCK TABLES;

--
-- Dumping data for table `art_venta`
--

LOCK TABLES `art_venta` WRITE;
/*!40000 ALTER TABLE `art_venta` DISABLE KEYS */;
/*!40000 ALTER TABLE `art_venta` ENABLE KEYS */;
UNLOCK TABLES;

--
-- Dumping data for table `art_venta_articulo`
--

LOCK TABLES `art_venta_articulo` WRITE;
/*!40000 ALTER TABLE `art_venta_articulo` DISABLE KEYS */;
/*!40000 ALTER TABLE `art_venta_articulo` ENABLE KEYS */;
UNLOCK TABLES;

--
-- Dumping data for table `cmn_email`
--

LOCK TABLES `cmn_email` WRITE;
/*!40000 ALTER TABLE `cmn_email` DISABLE KEYS */;
/*!40000 ALTER TABLE `cmn_email` ENABLE KEYS */;
UNLOCK TABLES;

--
-- Dumping data for table `cmn_error`
--

LOCK TABLES `cmn_error` WRITE;
/*!40000 ALTER TABLE `cmn_error` DISABLE KEYS */;
INSERT INTO `cmn_error` VALUES (00000000000000000001,NULL,'java.lang.NullPointerException','','2015-12-06 23:32:01'),(00000000000000000002,'could not execute statement; SQL [n/a]; constraint [null]; nested exception is org.hibernate.exception.ConstraintViolationException: could not execute statement','org.springframework.dao.DataIntegrityViolationException','org.springframework.dao.DataIntegrityViolationException: could not execute statement; SQL [n/a]; constraint [null]; nested exception is org.hibernate.exception.ConstraintViolationException: could not execute statement\r\n	at org.springframework.orm.jpa.vendor.HibernateJpaDialect.convertHibernateAccessException(HibernateJpaDialect.java:255)\r\n	at org.springframework.orm.jpa.vendor.HibernateJpaDialect.translateExceptionIfPossible(HibernateJpaDialect.java:221)\r\n	at org.springframework.orm.jpa.JpaTransactionManager.doCommit(JpaTransactionManager.java:521)\r\n	at org.springframework.transaction.support.AbstractPlatformTransactionManager.processCommit(AbstractPlatformTransactionManager.java:761)\r\n	at org.springframework.transaction.support.AbstractPlatformTransactionManager.commit(AbstractPlatformTransactionManager.java:730)\r\n	at org.springframework.transaction.interceptor.TransactionAspectSupport.commitTransactionAfterReturning(TransactionAspectSupport.java:485)\r\n	at org.springframework.transaction.interceptor.TransactionAspectSupport.invokeWithinTransaction(TransactionAspectSupport.java:291)\r\n	at org.springframework.transaction.interceptor.TransactionInterceptor.invoke(TransactionInterceptor.java:96)\r\n	at org.springframework.aop.framework.ReflectiveMethodInvocation.proceed(ReflectiveMethodInvocation.java:179)\r\n	at org.springframework.aop.framework.JdkDynamicAopProxy.invoke(JdkDynamicAopProxy.java:207)\r\n	at com.sun.proxy.$Proxy99.delete(Unknown Source)\r\n	at com.proeza.sgs.web.rest.ArticulosRestController.deleteClass(ArticulosRestController.java:235)\r\n	at sun.reflect.NativeMethodAccessorImpl.invoke0(Native Method)\r\n	at sun.reflect.NativeMethodAccessorImpl.invoke(NativeMethodAccessorImpl.java:62)\r\n	at sun.reflect.DelegatingMethodAccessorImpl.invoke(DelegatingMethodAccessorImpl.java:43)\r\n	at java.lang.reflect.Method.invoke(Method.java:497)\r\n	at org.springframework.web.method.support.InvocableHandlerMethod.doInvoke(InvocableHandlerMethod.java:221)\r\n	at org.springframework.web.method.support.InvocableHandlerMethod.invokeForRequest(InvocableHandlerMethod.java:137)\r\n	at org.springframework.web.servlet.mvc.method.annotation.ServletInvocableHandlerMethod.invokeAndHandle(ServletInvocableHandlerMethod.java:111)\r\n	at org.springframework.web.servlet.mvc.method.annotation.RequestMappingHandlerAdapter.invokeHandlerMethod(RequestMappingHandlerAdapter.java:806)\r\n	at org.springframework.web.servlet.mvc.method.annotation.RequestMappingHandlerAdapter.handleInternal(RequestMappingHandlerAdapter.java:729)\r\n	at org.springframework.web.servlet.mvc.method.AbstractHandlerMethodAdapter.handle(AbstractHandlerMethodAdapter.java:85)\r\n	at org.springframework.web.servlet.DispatcherServlet.doDispatch(DispatcherServlet.java:959)\r\n	at org.springframework.web.servlet.DispatcherServlet.doService(DispatcherServlet.java:893)\r\n	at org.springframework.web.servlet.FrameworkServlet.processRequest(FrameworkServlet.java:970)\r\n	at org.springframework.web.servlet.FrameworkServlet.doPost(FrameworkServlet.java:872)\r\n	at javax.servlet.http.HttpServlet.service(HttpServlet.java:647)\r\n	at org.springframework.web.servlet.FrameworkServlet.service(FrameworkServlet.java:846)\r\n	at javax.servlet.http.HttpServlet.service(HttpServlet.java:728)\r\n	at org.apache.catalina.core.ApplicationFilterChain.internalDoFilter(ApplicationFilterChain.java:305)\r\n	at org.apache.catalina.core.ApplicationFilterChain.doFilter(ApplicationFilterChain.java:210)\r\n	at org.springframework.web.filter.CharacterEncodingFilter.doFilterInternal(CharacterEncodingFilter.java:85)\r\n	at org.springframework.web.filter.OncePerRequestFilter.doFilter(OncePerRequestFilter.java:107)\r\n	at org.apache.catalina.core.ApplicationFilterChain.internalDoFilter(ApplicationFilterChain.java:243)\r\n	at org.apache.catalina.core.ApplicationFilterChain.doFilter(ApplicationFilterChain.java:210)\r\n	at org.apache.tomcat.websocket.server.WsFilter.doFilter(WsFilter.java:51)\r\n	at org.apache.catalina.core.ApplicationFilterChain.internalDoFilter(ApplicationFilterChain.java:243)\r\n	at org.apache.catalina.core.ApplicationFilterChain.doFilter(ApplicationFilterChain.java:210)\r\n	at org.springframework.security.web.FilterChainProxy$VirtualFilterChain.doFilter(FilterChainProxy.java:316)\r\n	at org.springframework.security.web.access.intercept.FilterSecurityInterceptor.invoke(FilterSecurityInterceptor.java:126)\r\n	at org.springframework.security.web.access.intercept.FilterSecurityInterceptor.doFilter(FilterSecurityInterceptor.java:90)\r\n	at org.springframework.security.web.FilterChainProxy$VirtualFilterChain.doFilter(FilterChainProxy.java:330)\r\n	at org.springframework.security.web.access.ExceptionTranslationFilter.doFilter(ExceptionTranslationFilter.java:114)\r\n	at org.springframework.security.web.FilterChainProxy$VirtualFilterChain.doFilter(FilterChainProxy.java:330)\r\n	at org.springframework.security.web.session.SessionManagementFilter.doFilter(SessionManagementFilter.java:122)\r\n	at org.springframework.security.web.FilterChainProxy$VirtualFilterChain.doFilter(FilterChainProxy.java:330)\r\n	at org.springframework.security.web.authentication.AnonymousAuthenticationFilter.doFilter(AnonymousAuthenticationFilter.java:111)\r\n	at org.springframework.security.web.FilterChainProxy$VirtualFilterChain.doFilter(FilterChainProxy.java:330)\r\n	at org.springframework.security.web.servletapi.SecurityContextHolderAwareRequestFilter.doFilter(SecurityContextHolderAwareRequestFilter.java:169)\r\n	at org.springframework.security.web.FilterChainProxy$VirtualFilterChain.doFilter(FilterChainProxy.java:330)\r\n	at org.springframework.security.web.savedrequest.RequestCacheAwareFilter.doFilter(RequestCacheAwareFilter.java:48)\r\n	at org.springframework.security.web.FilterChainProxy$VirtualFilterChain.doFilter(FilterChainProxy.java:330)\r\n	at org.springframework.security.web.authentication.AbstractAuthenticationProcessingFilter.doFilter(AbstractAuthenticationProcessingFilter.java:205)\r\n	at org.springframework.security.web.FilterChainProxy$VirtualFilterChain.doFilter(FilterChainProxy.java:330)\r\n	at org.springframework.security.web.authentication.logout.LogoutFilter.doFilter(LogoutFilter.java:120)\r\n	at org.springframework.security.web.FilterChainProxy$VirtualFilterChain.doFilter(FilterChainProxy.java:330)\r\n	at org.springframework.security.web.header.HeaderWriterFilter.doFilterInternal(HeaderWriterFilter.java:64)\r\n	at org.springframework.web.filter.OncePerRequestFilter.doFilter(OncePerRequestFilter.java:107)\r\n	at org.springframework.security.web.FilterChainProxy$VirtualFilterChain.doFilter(FilterChainProxy.java:330)\r\n	at org.springframework.security.web.context.SecurityContextPersistenceFilter.doFilter(SecurityContextPersistenceFilter.java:91)\r\n	at org.springframework.security.web.FilterChainProxy$VirtualFilterChain.doFilter(FilterChainProxy.java:330)\r\n	at org.springframework.security.web.context.request.async.WebAsyncManagerIntegrationFilter.doFilterInternal(WebAsyncManagerIntegrationFilter.java:53)\r\n	at org.springframework.web.filter.OncePerRequestFilter.doFilter(OncePerRequestFilter.java:107)\r\n	at org.springframework.security.web.FilterChainProxy$VirtualFilterChain.doFilter(FilterChainProxy.java:330)\r\n	at org.springframework.security.web.FilterChainProxy.doFilterInternal(FilterChainProxy.java:213)\r\n	at org.springframework.security.web.FilterChainProxy.doFilter(FilterChainProxy.java:176)\r\n	at org.springframework.web.filter.DelegatingFilterProxy.invokeDelegate(DelegatingFilterProxy.java:346)\r\n	at org.springframework.web.filter.DelegatingFilterProxy.doFilter(DelegatingFilterProxy.java:262)\r\n	at org.apache.catalina.core.ApplicationFilterChain.internalDoFilter(ApplicationFilterChain.java:243)\r\n	at org.apache.catalina.core.ApplicationFilterChain.doFilter(ApplicationFilterChain.java:210)\r\n	at org.apache.catalina.core.StandardWrapperValve.invoke(StandardWrapperValve.java:222)\r\n	at org.apache.catalina.core.StandardContextValve.invoke(StandardContextValve.java:123)\r\n	at org.apache.catalina.authenticator.AuthenticatorBase.invoke(AuthenticatorBase.java:502)\r\n	at org.apache.catalina.core.StandardHostValve.invoke(StandardHostValve.java:171)\r\n	at org.apache.catalina.valves.ErrorReportValve.invoke(ErrorReportValve.java:100)\r\n	at org.apache.catalina.valves.AccessLogValve.invoke(AccessLogValve.java:953)\r\n	at org.apache.catalina.core.StandardEngineValve.invoke(StandardEngineValve.java:118)\r\n	at org.apache.catalina.connector.CoyoteAdapter.service(CoyoteAdapter.java:408)\r\n	at org.apache.coyote.http11.AbstractHttp11Processor.process(AbstractHttp11Processor.java:1041)\r\n	at org.apache.coyote.AbstractProtocol$AbstractConnectionHandler.process(AbstractProtocol.java:603)\r\n	at org.apache.tomcat.util.net.JIoEndpoint$SocketProcessor.run(JIoEndpoint.java:312)\r\n	at java.util.concurrent.ThreadPoolExecutor.runWorker(ThreadPoolExecutor.java:1142)\r\n	at java.util.concurrent.ThreadPoolExecutor$Worker.run(ThreadPoolExecutor.java:617)\r\n	at java.lang.Thread.run(Thread.java:745)\r\nCaused by: org.hibernate.exception.ConstraintViolationException: could not execute statement\r\n	at org.hibernate.exception.internal.SQLExceptionTypeDelegate.convert(SQLExceptionTypeDelegate.java:72)\r\n	at org.hibernate.exception.internal.StandardSQLExceptionConverter.convert(StandardSQLExceptionConverter.java:49)\r\n	at org.hibernate.engine.jdbc.spi.SqlExceptionHelper.convert(SqlExceptionHelper.java:126)\r\n	at org.hibernate.engine.jdbc.spi.SqlExceptionHelper.convert(SqlExceptionHelper.java:112)\r\n	at org.hibernate.engine.jdbc.internal.ResultSetReturnImpl.executeUpdate(ResultSetReturnImpl.java:211)\r\n	at org.hibernate.engine.jdbc.batch.internal.NonBatchingBatch.addToBatch(NonBatchingBatch.java:62)\r\n	at org.hibernate.persister.entity.AbstractEntityPersister.delete(AbstractEntityPersister.java:3400)\r\n	at org.hibernate.persister.entity.AbstractEntityPersister.delete(AbstractEntityPersister.java:3630)\r\n	at org.hibernate.action.internal.EntityDeleteAction.execute(EntityDeleteAction.java:114)\r\n	at org.hibernate.engine.spi.ActionQueue.executeActions(ActionQueue.java:465)\r\n	at org.hibernate.engine.spi.ActionQueue.executeActions(ActionQueue.java:351)\r\n	at org.hibernate.event.internal.AbstractFlushingEventListener.performExecutions(AbstractFlushingEventListener.java:350)\r\n	at org.hibernate.event.internal.DefaultFlushEventListener.onFlush(DefaultFlushEventListener.java:56)\r\n	at org.hibernate.internal.SessionImpl.flush(SessionImpl.java:1258)\r\n	at org.hibernate.internal.SessionImpl.managedFlush(SessionImpl.java:425)\r\n	at org.hibernate.engine.transaction.internal.jdbc.JdbcTransaction.beforeTransactionCommit(JdbcTransaction.java:101)\r\n	at org.hibernate.engine.transaction.spi.AbstractTransactionImpl.commit(AbstractTransactionImpl.java:177)\r\n	at org.hibernate.jpa.internal.TransactionImpl.commit(TransactionImpl.java:77)\r\n	at org.springframework.orm.jpa.JpaTransactionManager.doCommit(JpaTransactionManager.java:517)\r\n	... 81 more\r\nCaused by: com.mysql.jdbc.exceptions.jdbc4.MySQLIntegrityConstraintViolationException: Cannot delete or update a parent row: a foreign key constraint fails (`sgs_proeza_db`.`art_articulo`, CONSTRAINT `articulo_clase` FOREIGN KEY (`fk_clase`) REFERENCES `art_clase` (`id`) ON DELETE NO ACTION ON UPDATE NO ACTION)\r\n	at sun.reflect.NativeConstructorAccessorImpl.newInstance0(Native Method)\r\n	at sun.reflect.NativeConstructorAccessorImpl.newInstance(NativeConstructorAccessorImpl.java:62)\r\n	at sun.reflect.DelegatingConstructorAccessorImpl.newInstance(DelegatingConstructorAccessorImpl.java:45)\r\n	at java.lang.reflect.Constructor.newInstance(Constructor.java:422)\r\n	at com.mysql.jdbc.Util.handleNewInstance(Util.java:400)\r\n	at com.mysql.jdbc.Util.getInstance(Util.java:383)\r\n	at com.mysql.jdbc.SQLError.createSQLException(SQLError.java:973)\r\n	at com.mysql.jdbc.MysqlIO.checkErrorPacket(MysqlIO.java:3847)\r\n	at com.mysql.jdbc.MysqlIO.checkErrorPacket(MysqlIO.java:3783)\r\n	at com.mysql.jdbc.MysqlIO.sendCommand(MysqlIO.java:2447)\r\n	at com.mysql.jdbc.MysqlIO.sqlQueryDirect(MysqlIO.java:2594)\r\n	at com.mysql.jdbc.ConnectionImpl.execSQL(ConnectionImpl.java:2545)\r\n	at com.mysql.jdbc.PreparedStatement.executeInternal(PreparedStatement.java:1901)\r\n	at com.mysql.jdbc.PreparedStatement.executeUpdate(PreparedStatement.java:2113)\r\n	at com.mysql.jdbc.PreparedStatement.executeUpdate(PreparedStatement.java:2049)\r\n	at com.mysql.jdbc.PreparedStatement.executeUpdate(PreparedStatement.java:2034)\r\n	at org.hibernate.engine.jdbc.internal.ResultSetReturnImpl.executeUpdate(ResultSetReturnImpl.java:208)\r\n	... 95 more\r\n','2016-05-22 22:20:58'),(00000000000000000003,'No entity found for query','javax.persistence.NoResultException','javax.persistence.NoResultException: No entity found for query\r\n	at org.hibernate.jpa.internal.QueryImpl.getSingleResult(QueryImpl.java:498)\r\n	at com.proeza.sgs.system.dao.PageDao.findByGroupAndName(PageDao.java:29)\r\n	at com.proeza.sgs.web.menu.ViewMenuManager.getMenus(ViewMenuManager.java:38)\r\n	at sun.reflect.NativeMethodAccessorImpl.invoke0(Native Method)\r\n	at sun.reflect.NativeMethodAccessorImpl.invoke(NativeMethodAccessorImpl.java:62)\r\n	at sun.reflect.DelegatingMethodAccessorImpl.invoke(DelegatingMethodAccessorImpl.java:43)\r\n	at java.lang.reflect.Method.invoke(Method.java:497)\r\n	at org.springframework.aop.support.AopUtils.invokeJoinpointUsingReflection(AopUtils.java:302)\r\n	at org.springframework.aop.framework.ReflectiveMethodInvocation.invokeJoinpoint(ReflectiveMethodInvocation.java:190)\r\n	at org.springframework.aop.framework.ReflectiveMethodInvocation.proceed(ReflectiveMethodInvocation.java:157)\r\n	at org.springframework.transaction.interceptor.TransactionInterceptor$1.proceedWithInvocation(TransactionInterceptor.java:99)\r\n	at org.springframework.transaction.interceptor.TransactionAspectSupport.invokeWithinTransaction(TransactionAspectSupport.java:281)\r\n	at org.springframework.transaction.interceptor.TransactionInterceptor.invoke(TransactionInterceptor.java:96)\r\n	at org.springframework.aop.framework.ReflectiveMethodInvocation.proceed(ReflectiveMethodInvocation.java:179)\r\n	at org.springframework.aop.framework.JdkDynamicAopProxy.invoke(JdkDynamicAopProxy.java:207)\r\n	at com.sun.proxy.$Proxy113.getMenus(Unknown Source)\r\n	at com.proeza.sgs.web.controller.ArticuloController.home(ArticuloController.java:55)\r\n	at sun.reflect.NativeMethodAccessorImpl.invoke0(Native Method)\r\n	at sun.reflect.NativeMethodAccessorImpl.invoke(NativeMethodAccessorImpl.java:62)\r\n	at sun.reflect.DelegatingMethodAccessorImpl.invoke(DelegatingMethodAccessorImpl.java:43)\r\n	at java.lang.reflect.Method.invoke(Method.java:497)\r\n	at org.springframework.web.method.support.InvocableHandlerMethod.doInvoke(InvocableHandlerMethod.java:221)\r\n	at org.springframework.web.method.support.InvocableHandlerMethod.invokeForRequest(InvocableHandlerMethod.java:137)\r\n	at org.springframework.web.servlet.mvc.method.annotation.ServletInvocableHandlerMethod.invokeAndHandle(ServletInvocableHandlerMethod.java:111)\r\n	at org.springframework.web.servlet.mvc.method.annotation.RequestMappingHandlerAdapter.invokeHandlerMethod(RequestMappingHandlerAdapter.java:806)\r\n	at org.springframework.web.servlet.mvc.method.annotation.RequestMappingHandlerAdapter.handleInternal(RequestMappingHandlerAdapter.java:729)\r\n	at org.springframework.web.servlet.mvc.method.AbstractHandlerMethodAdapter.handle(AbstractHandlerMethodAdapter.java:85)\r\n	at org.springframework.web.servlet.DispatcherServlet.doDispatch(DispatcherServlet.java:959)\r\n	at org.springframework.web.servlet.DispatcherServlet.doService(DispatcherServlet.java:893)\r\n	at org.springframework.web.servlet.FrameworkServlet.processRequest(FrameworkServlet.java:970)\r\n	at org.springframework.web.servlet.FrameworkServlet.doGet(FrameworkServlet.java:861)\r\n	at javax.servlet.http.HttpServlet.service(HttpServlet.java:621)\r\n	at org.springframework.web.servlet.FrameworkServlet.service(FrameworkServlet.java:846)\r\n	at javax.servlet.http.HttpServlet.service(HttpServlet.java:728)\r\n	at org.apache.catalina.core.ApplicationFilterChain.internalDoFilter(ApplicationFilterChain.java:305)\r\n	at org.apache.catalina.core.ApplicationFilterChain.doFilter(ApplicationFilterChain.java:210)\r\n	at org.springframework.web.filter.CharacterEncodingFilter.doFilterInternal(CharacterEncodingFilter.java:85)\r\n	at org.springframework.web.filter.OncePerRequestFilter.doFilter(OncePerRequestFilter.java:107)\r\n	at org.apache.catalina.core.ApplicationFilterChain.internalDoFilter(ApplicationFilterChain.java:243)\r\n	at org.apache.catalina.core.ApplicationFilterChain.doFilter(ApplicationFilterChain.java:210)\r\n	at org.apache.tomcat.websocket.server.WsFilter.doFilter(WsFilter.java:51)\r\n	at org.apache.catalina.core.ApplicationFilterChain.internalDoFilter(ApplicationFilterChain.java:243)\r\n	at org.apache.catalina.core.ApplicationFilterChain.doFilter(ApplicationFilterChain.java:210)\r\n	at org.springframework.security.web.FilterChainProxy$VirtualFilterChain.doFilter(FilterChainProxy.java:316)\r\n	at org.springframework.security.web.access.intercept.FilterSecurityInterceptor.invoke(FilterSecurityInterceptor.java:126)\r\n	at org.springframework.security.web.access.intercept.FilterSecurityInterceptor.doFilter(FilterSecurityInterceptor.java:90)\r\n	at org.springframework.security.web.FilterChainProxy$VirtualFilterChain.doFilter(FilterChainProxy.java:330)\r\n	at org.springframework.security.web.access.ExceptionTranslationFilter.doFilter(ExceptionTranslationFilter.java:114)\r\n	at org.springframework.security.web.FilterChainProxy$VirtualFilterChain.doFilter(FilterChainProxy.java:330)\r\n	at org.springframework.security.web.session.SessionManagementFilter.doFilter(SessionManagementFilter.java:122)\r\n	at org.springframework.security.web.FilterChainProxy$VirtualFilterChain.doFilter(FilterChainProxy.java:330)\r\n	at org.springframework.security.web.authentication.AnonymousAuthenticationFilter.doFilter(AnonymousAuthenticationFilter.java:111)\r\n	at org.springframework.security.web.FilterChainProxy$VirtualFilterChain.doFilter(FilterChainProxy.java:330)\r\n	at org.springframework.security.web.servletapi.SecurityContextHolderAwareRequestFilter.doFilter(SecurityContextHolderAwareRequestFilter.java:169)\r\n	at org.springframework.security.web.FilterChainProxy$VirtualFilterChain.doFilter(FilterChainProxy.java:330)\r\n	at org.springframework.security.web.savedrequest.RequestCacheAwareFilter.doFilter(RequestCacheAwareFilter.java:48)\r\n	at org.springframework.security.web.FilterChainProxy$VirtualFilterChain.doFilter(FilterChainProxy.java:330)\r\n	at org.springframework.security.web.authentication.AbstractAuthenticationProcessingFilter.doFilter(AbstractAuthenticationProcessingFilter.java:205)\r\n	at org.springframework.security.web.FilterChainProxy$VirtualFilterChain.doFilter(FilterChainProxy.java:330)\r\n	at org.springframework.security.web.authentication.logout.LogoutFilter.doFilter(LogoutFilter.java:120)\r\n	at org.springframework.security.web.FilterChainProxy$VirtualFilterChain.doFilter(FilterChainProxy.java:330)\r\n	at org.springframework.security.web.header.HeaderWriterFilter.doFilterInternal(HeaderWriterFilter.java:64)\r\n	at org.springframework.web.filter.OncePerRequestFilter.doFilter(OncePerRequestFilter.java:107)\r\n	at org.springframework.security.web.FilterChainProxy$VirtualFilterChain.doFilter(FilterChainProxy.java:330)\r\n	at org.springframework.security.web.context.SecurityContextPersistenceFilter.doFilter(SecurityContextPersistenceFilter.java:91)\r\n	at org.springframework.security.web.FilterChainProxy$VirtualFilterChain.doFilter(FilterChainProxy.java:330)\r\n	at org.springframework.security.web.context.request.async.WebAsyncManagerIntegrationFilter.doFilterInternal(WebAsyncManagerIntegrationFilter.java:53)\r\n	at org.springframework.web.filter.OncePerRequestFilter.doFilter(OncePerRequestFilter.java:107)\r\n	at org.springframework.security.web.FilterChainProxy$VirtualFilterChain.doFilter(FilterChainProxy.java:330)\r\n	at org.springframework.security.web.FilterChainProxy.doFilterInternal(FilterChainProxy.java:213)\r\n	at org.springframework.security.web.FilterChainProxy.doFilter(FilterChainProxy.java:176)\r\n	at org.springframework.web.filter.DelegatingFilterProxy.invokeDelegate(DelegatingFilterProxy.java:346)\r\n	at org.springframework.web.filter.DelegatingFilterProxy.doFilter(DelegatingFilterProxy.java:262)\r\n	at org.apache.catalina.core.ApplicationFilterChain.internalDoFilter(ApplicationFilterChain.java:243)\r\n	at org.apache.catalina.core.ApplicationFilterChain.doFilter(ApplicationFilterChain.java:210)\r\n	at org.apache.catalina.core.StandardWrapperValve.invoke(StandardWrapperValve.java:222)\r\n	at org.apache.catalina.core.StandardContextValve.invoke(StandardContextValve.java:123)\r\n	at org.apache.catalina.authenticator.AuthenticatorBase.invoke(AuthenticatorBase.java:502)\r\n	at org.apache.catalina.core.StandardHostValve.invoke(StandardHostValve.java:171)\r\n	at org.apache.catalina.valves.ErrorReportValve.invoke(ErrorReportValve.java:100)\r\n	at org.apache.catalina.valves.AccessLogValve.invoke(AccessLogValve.java:953)\r\n	at org.apache.catalina.core.StandardEngineValve.invoke(StandardEngineValve.java:118)\r\n	at org.apache.catalina.connector.CoyoteAdapter.service(CoyoteAdapter.java:408)\r\n	at org.apache.coyote.http11.AbstractHttp11Processor.process(AbstractHttp11Processor.java:1041)\r\n	at org.apache.coyote.AbstractProtocol$AbstractConnectionHandler.process(AbstractProtocol.java:603)\r\n	at org.apache.tomcat.util.net.JIoEndpoint$SocketProcessor.run(JIoEndpoint.java:312)\r\n	at java.util.concurrent.ThreadPoolExecutor.runWorker(ThreadPoolExecutor.java:1142)\r\n	at java.util.concurrent.ThreadPoolExecutor$Worker.run(ThreadPoolExecutor.java:617)\r\n	at java.lang.Thread.run(Thread.java:745)\r\n','2016-05-22 22:55:33'),(00000000000000000004,'could not execute statement; SQL [n/a]; constraint [null]; nested exception is org.hibernate.exception.ConstraintViolationException: could not execute statement','org.springframework.dao.DataIntegrityViolationException','org.springframework.dao.DataIntegrityViolationException: could not execute statement; SQL [n/a]; constraint [null]; nested exception is org.hibernate.exception.ConstraintViolationException: could not execute statement\r\n	at org.springframework.orm.jpa.vendor.HibernateJpaDialect.convertHibernateAccessException(HibernateJpaDialect.java:255)\r\n	at org.springframework.orm.jpa.vendor.HibernateJpaDialect.translateExceptionIfPossible(HibernateJpaDialect.java:221)\r\n	at org.springframework.orm.jpa.JpaTransactionManager.doCommit(JpaTransactionManager.java:521)\r\n	at org.springframework.transaction.support.AbstractPlatformTransactionManager.processCommit(AbstractPlatformTransactionManager.java:761)\r\n	at org.springframework.transaction.support.AbstractPlatformTransactionManager.commit(AbstractPlatformTransactionManager.java:730)\r\n	at org.springframework.transaction.interceptor.TransactionAspectSupport.commitTransactionAfterReturning(TransactionAspectSupport.java:485)\r\n	at org.springframework.transaction.interceptor.TransactionAspectSupport.invokeWithinTransaction(TransactionAspectSupport.java:291)\r\n	at org.springframework.transaction.interceptor.TransactionInterceptor.invoke(TransactionInterceptor.java:96)\r\n	at org.springframework.aop.framework.ReflectiveMethodInvocation.proceed(ReflectiveMethodInvocation.java:179)\r\n	at org.springframework.aop.framework.JdkDynamicAopProxy.invoke(JdkDynamicAopProxy.java:207)\r\n	at com.sun.proxy.$Proxy101.delete(Unknown Source)\r\n	at com.proeza.sgs.web.rest.ArticulosRestController.deleteCategory(ArticulosRestController.java:179)\r\n	at sun.reflect.NativeMethodAccessorImpl.invoke0(Native Method)\r\n	at sun.reflect.NativeMethodAccessorImpl.invoke(NativeMethodAccessorImpl.java:62)\r\n	at sun.reflect.DelegatingMethodAccessorImpl.invoke(DelegatingMethodAccessorImpl.java:43)\r\n	at java.lang.reflect.Method.invoke(Method.java:497)\r\n	at org.springframework.web.method.support.InvocableHandlerMethod.doInvoke(InvocableHandlerMethod.java:221)\r\n	at org.springframework.web.method.support.InvocableHandlerMethod.invokeForRequest(InvocableHandlerMethod.java:137)\r\n	at org.springframework.web.servlet.mvc.method.annotation.ServletInvocableHandlerMethod.invokeAndHandle(ServletInvocableHandlerMethod.java:111)\r\n	at org.springframework.web.servlet.mvc.method.annotation.RequestMappingHandlerAdapter.invokeHandlerMethod(RequestMappingHandlerAdapter.java:806)\r\n	at org.springframework.web.servlet.mvc.method.annotation.RequestMappingHandlerAdapter.handleInternal(RequestMappingHandlerAdapter.java:729)\r\n	at org.springframework.web.servlet.mvc.method.AbstractHandlerMethodAdapter.handle(AbstractHandlerMethodAdapter.java:85)\r\n	at org.springframework.web.servlet.DispatcherServlet.doDispatch(DispatcherServlet.java:959)\r\n	at org.springframework.web.servlet.DispatcherServlet.doService(DispatcherServlet.java:893)\r\n	at org.springframework.web.servlet.FrameworkServlet.processRequest(FrameworkServlet.java:970)\r\n	at org.springframework.web.servlet.FrameworkServlet.doPost(FrameworkServlet.java:872)\r\n	at javax.servlet.http.HttpServlet.service(HttpServlet.java:647)\r\n	at org.springframework.web.servlet.FrameworkServlet.service(FrameworkServlet.java:846)\r\n	at javax.servlet.http.HttpServlet.service(HttpServlet.java:728)\r\n	at org.apache.catalina.core.ApplicationFilterChain.internalDoFilter(ApplicationFilterChain.java:305)\r\n	at org.apache.catalina.core.ApplicationFilterChain.doFilter(ApplicationFilterChain.java:210)\r\n	at org.springframework.web.filter.CharacterEncodingFilter.doFilterInternal(CharacterEncodingFilter.java:85)\r\n	at org.springframework.web.filter.OncePerRequestFilter.doFilter(OncePerRequestFilter.java:107)\r\n	at org.apache.catalina.core.ApplicationFilterChain.internalDoFilter(ApplicationFilterChain.java:243)\r\n	at org.apache.catalina.core.ApplicationFilterChain.doFilter(ApplicationFilterChain.java:210)\r\n	at org.apache.tomcat.websocket.server.WsFilter.doFilter(WsFilter.java:51)\r\n	at org.apache.catalina.core.ApplicationFilterChain.internalDoFilter(ApplicationFilterChain.java:243)\r\n	at org.apache.catalina.core.ApplicationFilterChain.doFilter(ApplicationFilterChain.java:210)\r\n	at org.springframework.security.web.FilterChainProxy$VirtualFilterChain.doFilter(FilterChainProxy.java:316)\r\n	at org.springframework.security.web.access.intercept.FilterSecurityInterceptor.invoke(FilterSecurityInterceptor.java:126)\r\n	at org.springframework.security.web.access.intercept.FilterSecurityInterceptor.doFilter(FilterSecurityInterceptor.java:90)\r\n	at org.springframework.security.web.FilterChainProxy$VirtualFilterChain.doFilter(FilterChainProxy.java:330)\r\n	at org.springframework.security.web.access.ExceptionTranslationFilter.doFilter(ExceptionTranslationFilter.java:114)\r\n	at org.springframework.security.web.FilterChainProxy$VirtualFilterChain.doFilter(FilterChainProxy.java:330)\r\n	at org.springframework.security.web.session.SessionManagementFilter.doFilter(SessionManagementFilter.java:122)\r\n	at org.springframework.security.web.FilterChainProxy$VirtualFilterChain.doFilter(FilterChainProxy.java:330)\r\n	at org.springframework.security.web.authentication.AnonymousAuthenticationFilter.doFilter(AnonymousAuthenticationFilter.java:111)\r\n	at org.springframework.security.web.FilterChainProxy$VirtualFilterChain.doFilter(FilterChainProxy.java:330)\r\n	at org.springframework.security.web.servletapi.SecurityContextHolderAwareRequestFilter.doFilter(SecurityContextHolderAwareRequestFilter.java:169)\r\n	at org.springframework.security.web.FilterChainProxy$VirtualFilterChain.doFilter(FilterChainProxy.java:330)\r\n	at org.springframework.security.web.savedrequest.RequestCacheAwareFilter.doFilter(RequestCacheAwareFilter.java:48)\r\n	at org.springframework.security.web.FilterChainProxy$VirtualFilterChain.doFilter(FilterChainProxy.java:330)\r\n	at org.springframework.security.web.authentication.AbstractAuthenticationProcessingFilter.doFilter(AbstractAuthenticationProcessingFilter.java:205)\r\n	at org.springframework.security.web.FilterChainProxy$VirtualFilterChain.doFilter(FilterChainProxy.java:330)\r\n	at org.springframework.security.web.authentication.logout.LogoutFilter.doFilter(LogoutFilter.java:120)\r\n	at org.springframework.security.web.FilterChainProxy$VirtualFilterChain.doFilter(FilterChainProxy.java:330)\r\n	at org.springframework.security.web.header.HeaderWriterFilter.doFilterInternal(HeaderWriterFilter.java:64)\r\n	at org.springframework.web.filter.OncePerRequestFilter.doFilter(OncePerRequestFilter.java:107)\r\n	at org.springframework.security.web.FilterChainProxy$VirtualFilterChain.doFilter(FilterChainProxy.java:330)\r\n	at org.springframework.security.web.context.SecurityContextPersistenceFilter.doFilter(SecurityContextPersistenceFilter.java:91)\r\n	at org.springframework.security.web.FilterChainProxy$VirtualFilterChain.doFilter(FilterChainProxy.java:330)\r\n	at org.springframework.security.web.context.request.async.WebAsyncManagerIntegrationFilter.doFilterInternal(WebAsyncManagerIntegrationFilter.java:53)\r\n	at org.springframework.web.filter.OncePerRequestFilter.doFilter(OncePerRequestFilter.java:107)\r\n	at org.springframework.security.web.FilterChainProxy$VirtualFilterChain.doFilter(FilterChainProxy.java:330)\r\n	at org.springframework.security.web.FilterChainProxy.doFilterInternal(FilterChainProxy.java:213)\r\n	at org.springframework.security.web.FilterChainProxy.doFilter(FilterChainProxy.java:176)\r\n	at org.springframework.web.filter.DelegatingFilterProxy.invokeDelegate(DelegatingFilterProxy.java:346)\r\n	at org.springframework.web.filter.DelegatingFilterProxy.doFilter(DelegatingFilterProxy.java:262)\r\n	at org.apache.catalina.core.ApplicationFilterChain.internalDoFilter(ApplicationFilterChain.java:243)\r\n	at org.apache.catalina.core.ApplicationFilterChain.doFilter(ApplicationFilterChain.java:210)\r\n	at org.apache.catalina.core.StandardWrapperValve.invoke(StandardWrapperValve.java:222)\r\n	at org.apache.catalina.core.StandardContextValve.invoke(StandardContextValve.java:123)\r\n	at org.apache.catalina.authenticator.AuthenticatorBase.invoke(AuthenticatorBase.java:502)\r\n	at org.apache.catalina.core.StandardHostValve.invoke(StandardHostValve.java:171)\r\n	at org.apache.catalina.valves.ErrorReportValve.invoke(ErrorReportValve.java:100)\r\n	at org.apache.catalina.valves.AccessLogValve.invoke(AccessLogValve.java:953)\r\n	at org.apache.catalina.core.StandardEngineValve.invoke(StandardEngineValve.java:118)\r\n	at org.apache.catalina.connector.CoyoteAdapter.service(CoyoteAdapter.java:408)\r\n	at org.apache.coyote.http11.AbstractHttp11Processor.process(AbstractHttp11Processor.java:1041)\r\n	at org.apache.coyote.AbstractProtocol$AbstractConnectionHandler.process(AbstractProtocol.java:603)\r\n	at org.apache.tomcat.util.net.JIoEndpoint$SocketProcessor.run(JIoEndpoint.java:312)\r\n	at java.util.concurrent.ThreadPoolExecutor.runWorker(ThreadPoolExecutor.java:1142)\r\n	at java.util.concurrent.ThreadPoolExecutor$Worker.run(ThreadPoolExecutor.java:617)\r\n	at java.lang.Thread.run(Thread.java:745)\r\nCaused by: org.hibernate.exception.ConstraintViolationException: could not execute statement\r\n	at org.hibernate.exception.internal.SQLExceptionTypeDelegate.convert(SQLExceptionTypeDelegate.java:72)\r\n	at org.hibernate.exception.internal.StandardSQLExceptionConverter.convert(StandardSQLExceptionConverter.java:49)\r\n	at org.hibernate.engine.jdbc.spi.SqlExceptionHelper.convert(SqlExceptionHelper.java:126)\r\n	at org.hibernate.engine.jdbc.spi.SqlExceptionHelper.convert(SqlExceptionHelper.java:112)\r\n	at org.hibernate.engine.jdbc.internal.ResultSetReturnImpl.executeUpdate(ResultSetReturnImpl.java:211)\r\n	at org.hibernate.engine.jdbc.batch.internal.NonBatchingBatch.addToBatch(NonBatchingBatch.java:62)\r\n	at org.hibernate.persister.entity.AbstractEntityPersister.delete(AbstractEntityPersister.java:3400)\r\n	at org.hibernate.persister.entity.AbstractEntityPersister.delete(AbstractEntityPersister.java:3630)\r\n	at org.hibernate.action.internal.EntityDeleteAction.execute(EntityDeleteAction.java:114)\r\n	at org.hibernate.engine.spi.ActionQueue.executeActions(ActionQueue.java:465)\r\n	at org.hibernate.engine.spi.ActionQueue.executeActions(ActionQueue.java:351)\r\n	at org.hibernate.event.internal.AbstractFlushingEventListener.performExecutions(AbstractFlushingEventListener.java:350)\r\n	at org.hibernate.event.internal.DefaultFlushEventListener.onFlush(DefaultFlushEventListener.java:56)\r\n	at org.hibernate.internal.SessionImpl.flush(SessionImpl.java:1258)\r\n	at org.hibernate.internal.SessionImpl.managedFlush(SessionImpl.java:425)\r\n	at org.hibernate.engine.transaction.internal.jdbc.JdbcTransaction.beforeTransactionCommit(JdbcTransaction.java:101)\r\n	at org.hibernate.engine.transaction.spi.AbstractTransactionImpl.commit(AbstractTransactionImpl.java:177)\r\n	at org.hibernate.jpa.internal.TransactionImpl.commit(TransactionImpl.java:77)\r\n	at org.springframework.orm.jpa.JpaTransactionManager.doCommit(JpaTransactionManager.java:517)\r\n	... 81 more\r\nCaused by: com.mysql.jdbc.exceptions.jdbc4.MySQLIntegrityConstraintViolationException: Cannot delete or update a parent row: a foreign key constraint fails (`sgs_proeza_db`.`art_articulo`, CONSTRAINT `articulo_rubro` FOREIGN KEY (`fk_rubro`) REFERENCES `art_rubro` (`id`) ON DELETE NO ACTION ON UPDATE NO ACTION)\r\n	at sun.reflect.NativeConstructorAccessorImpl.newInstance0(Native Method)\r\n	at sun.reflect.NativeConstructorAccessorImpl.newInstance(NativeConstructorAccessorImpl.java:62)\r\n	at sun.reflect.DelegatingConstructorAccessorImpl.newInstance(DelegatingConstructorAccessorImpl.java:45)\r\n	at java.lang.reflect.Constructor.newInstance(Constructor.java:422)\r\n	at com.mysql.jdbc.Util.handleNewInstance(Util.java:400)\r\n	at com.mysql.jdbc.Util.getInstance(Util.java:383)\r\n	at com.mysql.jdbc.SQLError.createSQLException(SQLError.java:973)\r\n	at com.mysql.jdbc.MysqlIO.checkErrorPacket(MysqlIO.java:3847)\r\n	at com.mysql.jdbc.MysqlIO.checkErrorPacket(MysqlIO.java:3783)\r\n	at com.mysql.jdbc.MysqlIO.sendCommand(MysqlIO.java:2447)\r\n	at com.mysql.jdbc.MysqlIO.sqlQueryDirect(MysqlIO.java:2594)\r\n	at com.mysql.jdbc.ConnectionImpl.execSQL(ConnectionImpl.java:2545)\r\n	at com.mysql.jdbc.PreparedStatement.executeInternal(PreparedStatement.java:1901)\r\n	at com.mysql.jdbc.PreparedStatement.executeUpdate(PreparedStatement.java:2113)\r\n	at com.mysql.jdbc.PreparedStatement.executeUpdate(PreparedStatement.java:2049)\r\n	at com.mysql.jdbc.PreparedStatement.executeUpdate(PreparedStatement.java:2034)\r\n	at org.hibernate.engine.jdbc.internal.ResultSetReturnImpl.executeUpdate(ResultSetReturnImpl.java:208)\r\n	... 95 more\r\n','2016-05-22 23:00:01'),(00000000000000000005,'could not execute statement; SQL [n/a]; constraint [null]; nested exception is org.hibernate.exception.ConstraintViolationException: could not execute statement','org.springframework.dao.DataIntegrityViolationException','org.springframework.dao.DataIntegrityViolationException: could not execute statement; SQL [n/a]; constraint [null]; nested exception is org.hibernate.exception.ConstraintViolationException: could not execute statement\r\n	at org.springframework.orm.jpa.vendor.HibernateJpaDialect.convertHibernateAccessException(HibernateJpaDialect.java:255)\r\n	at org.springframework.orm.jpa.vendor.HibernateJpaDialect.translateExceptionIfPossible(HibernateJpaDialect.java:221)\r\n	at org.springframework.orm.jpa.JpaTransactionManager.doCommit(JpaTransactionManager.java:521)\r\n	at org.springframework.transaction.support.AbstractPlatformTransactionManager.processCommit(AbstractPlatformTransactionManager.java:761)\r\n	at org.springframework.transaction.support.AbstractPlatformTransactionManager.commit(AbstractPlatformTransactionManager.java:730)\r\n	at org.springframework.transaction.interceptor.TransactionAspectSupport.commitTransactionAfterReturning(TransactionAspectSupport.java:485)\r\n	at org.springframework.transaction.interceptor.TransactionAspectSupport.invokeWithinTransaction(TransactionAspectSupport.java:291)\r\n	at org.springframework.transaction.interceptor.TransactionInterceptor.invoke(TransactionInterceptor.java:96)\r\n	at org.springframework.aop.framework.ReflectiveMethodInvocation.proceed(ReflectiveMethodInvocation.java:179)\r\n	at org.springframework.aop.framework.JdkDynamicAopProxy.invoke(JdkDynamicAopProxy.java:207)\r\n	at com.sun.proxy.$Proxy101.delete(Unknown Source)\r\n	at com.proeza.sgs.web.rest.ArticulosRestController.deleteCategory(ArticulosRestController.java:179)\r\n	at sun.reflect.NativeMethodAccessorImpl.invoke0(Native Method)\r\n	at sun.reflect.NativeMethodAccessorImpl.invoke(NativeMethodAccessorImpl.java:62)\r\n	at sun.reflect.DelegatingMethodAccessorImpl.invoke(DelegatingMethodAccessorImpl.java:43)\r\n	at java.lang.reflect.Method.invoke(Method.java:497)\r\n	at org.springframework.web.method.support.InvocableHandlerMethod.doInvoke(InvocableHandlerMethod.java:221)\r\n	at org.springframework.web.method.support.InvocableHandlerMethod.invokeForRequest(InvocableHandlerMethod.java:137)\r\n	at org.springframework.web.servlet.mvc.method.annotation.ServletInvocableHandlerMethod.invokeAndHandle(ServletInvocableHandlerMethod.java:111)\r\n	at org.springframework.web.servlet.mvc.method.annotation.RequestMappingHandlerAdapter.invokeHandlerMethod(RequestMappingHandlerAdapter.java:806)\r\n	at org.springframework.web.servlet.mvc.method.annotation.RequestMappingHandlerAdapter.handleInternal(RequestMappingHandlerAdapter.java:729)\r\n	at org.springframework.web.servlet.mvc.method.AbstractHandlerMethodAdapter.handle(AbstractHandlerMethodAdapter.java:85)\r\n	at org.springframework.web.servlet.DispatcherServlet.doDispatch(DispatcherServlet.java:959)\r\n	at org.springframework.web.servlet.DispatcherServlet.doService(DispatcherServlet.java:893)\r\n	at org.springframework.web.servlet.FrameworkServlet.processRequest(FrameworkServlet.java:970)\r\n	at org.springframework.web.servlet.FrameworkServlet.doPost(FrameworkServlet.java:872)\r\n	at javax.servlet.http.HttpServlet.service(HttpServlet.java:647)\r\n	at org.springframework.web.servlet.FrameworkServlet.service(FrameworkServlet.java:846)\r\n	at javax.servlet.http.HttpServlet.service(HttpServlet.java:728)\r\n	at org.apache.catalina.core.ApplicationFilterChain.internalDoFilter(ApplicationFilterChain.java:305)\r\n	at org.apache.catalina.core.ApplicationFilterChain.doFilter(ApplicationFilterChain.java:210)\r\n	at org.springframework.web.filter.CharacterEncodingFilter.doFilterInternal(CharacterEncodingFilter.java:85)\r\n	at org.springframework.web.filter.OncePerRequestFilter.doFilter(OncePerRequestFilter.java:107)\r\n	at org.apache.catalina.core.ApplicationFilterChain.internalDoFilter(ApplicationFilterChain.java:243)\r\n	at org.apache.catalina.core.ApplicationFilterChain.doFilter(ApplicationFilterChain.java:210)\r\n	at org.apache.tomcat.websocket.server.WsFilter.doFilter(WsFilter.java:51)\r\n	at org.apache.catalina.core.ApplicationFilterChain.internalDoFilter(ApplicationFilterChain.java:243)\r\n	at org.apache.catalina.core.ApplicationFilterChain.doFilter(ApplicationFilterChain.java:210)\r\n	at org.springframework.security.web.FilterChainProxy$VirtualFilterChain.doFilter(FilterChainProxy.java:316)\r\n	at org.springframework.security.web.access.intercept.FilterSecurityInterceptor.invoke(FilterSecurityInterceptor.java:126)\r\n	at org.springframework.security.web.access.intercept.FilterSecurityInterceptor.doFilter(FilterSecurityInterceptor.java:90)\r\n	at org.springframework.security.web.FilterChainProxy$VirtualFilterChain.doFilter(FilterChainProxy.java:330)\r\n	at org.springframework.security.web.access.ExceptionTranslationFilter.doFilter(ExceptionTranslationFilter.java:114)\r\n	at org.springframework.security.web.FilterChainProxy$VirtualFilterChain.doFilter(FilterChainProxy.java:330)\r\n	at org.springframework.security.web.session.SessionManagementFilter.doFilter(SessionManagementFilter.java:122)\r\n	at org.springframework.security.web.FilterChainProxy$VirtualFilterChain.doFilter(FilterChainProxy.java:330)\r\n	at org.springframework.security.web.authentication.AnonymousAuthenticationFilter.doFilter(AnonymousAuthenticationFilter.java:111)\r\n	at org.springframework.security.web.FilterChainProxy$VirtualFilterChain.doFilter(FilterChainProxy.java:330)\r\n	at org.springframework.security.web.servletapi.SecurityContextHolderAwareRequestFilter.doFilter(SecurityContextHolderAwareRequestFilter.java:169)\r\n	at org.springframework.security.web.FilterChainProxy$VirtualFilterChain.doFilter(FilterChainProxy.java:330)\r\n	at org.springframework.security.web.savedrequest.RequestCacheAwareFilter.doFilter(RequestCacheAwareFilter.java:48)\r\n	at org.springframework.security.web.FilterChainProxy$VirtualFilterChain.doFilter(FilterChainProxy.java:330)\r\n	at org.springframework.security.web.authentication.AbstractAuthenticationProcessingFilter.doFilter(AbstractAuthenticationProcessingFilter.java:205)\r\n	at org.springframework.security.web.FilterChainProxy$VirtualFilterChain.doFilter(FilterChainProxy.java:330)\r\n	at org.springframework.security.web.authentication.logout.LogoutFilter.doFilter(LogoutFilter.java:120)\r\n	at org.springframework.security.web.FilterChainProxy$VirtualFilterChain.doFilter(FilterChainProxy.java:330)\r\n	at org.springframework.security.web.header.HeaderWriterFilter.doFilterInternal(HeaderWriterFilter.java:64)\r\n	at org.springframework.web.filter.OncePerRequestFilter.doFilter(OncePerRequestFilter.java:107)\r\n	at org.springframework.security.web.FilterChainProxy$VirtualFilterChain.doFilter(FilterChainProxy.java:330)\r\n	at org.springframework.security.web.context.SecurityContextPersistenceFilter.doFilter(SecurityContextPersistenceFilter.java:91)\r\n	at org.springframework.security.web.FilterChainProxy$VirtualFilterChain.doFilter(FilterChainProxy.java:330)\r\n	at org.springframework.security.web.context.request.async.WebAsyncManagerIntegrationFilter.doFilterInternal(WebAsyncManagerIntegrationFilter.java:53)\r\n	at org.springframework.web.filter.OncePerRequestFilter.doFilter(OncePerRequestFilter.java:107)\r\n	at org.springframework.security.web.FilterChainProxy$VirtualFilterChain.doFilter(FilterChainProxy.java:330)\r\n	at org.springframework.security.web.FilterChainProxy.doFilterInternal(FilterChainProxy.java:213)\r\n	at org.springframework.security.web.FilterChainProxy.doFilter(FilterChainProxy.java:176)\r\n	at org.springframework.web.filter.DelegatingFilterProxy.invokeDelegate(DelegatingFilterProxy.java:346)\r\n	at org.springframework.web.filter.DelegatingFilterProxy.doFilter(DelegatingFilterProxy.java:262)\r\n	at org.apache.catalina.core.ApplicationFilterChain.internalDoFilter(ApplicationFilterChain.java:243)\r\n	at org.apache.catalina.core.ApplicationFilterChain.doFilter(ApplicationFilterChain.java:210)\r\n	at org.apache.catalina.core.StandardWrapperValve.invoke(StandardWrapperValve.java:222)\r\n	at org.apache.catalina.core.StandardContextValve.invoke(StandardContextValve.java:123)\r\n	at org.apache.catalina.authenticator.AuthenticatorBase.invoke(AuthenticatorBase.java:502)\r\n	at org.apache.catalina.core.StandardHostValve.invoke(StandardHostValve.java:171)\r\n	at org.apache.catalina.valves.ErrorReportValve.invoke(ErrorReportValve.java:100)\r\n	at org.apache.catalina.valves.AccessLogValve.invoke(AccessLogValve.java:953)\r\n	at org.apache.catalina.core.StandardEngineValve.invoke(StandardEngineValve.java:118)\r\n	at org.apache.catalina.connector.CoyoteAdapter.service(CoyoteAdapter.java:408)\r\n	at org.apache.coyote.http11.AbstractHttp11Processor.process(AbstractHttp11Processor.java:1041)\r\n	at org.apache.coyote.AbstractProtocol$AbstractConnectionHandler.process(AbstractProtocol.java:603)\r\n	at org.apache.tomcat.util.net.JIoEndpoint$SocketProcessor.run(JIoEndpoint.java:312)\r\n	at java.util.concurrent.ThreadPoolExecutor.runWorker(ThreadPoolExecutor.java:1142)\r\n	at java.util.concurrent.ThreadPoolExecutor$Worker.run(ThreadPoolExecutor.java:617)\r\n	at java.lang.Thread.run(Thread.java:745)\r\nCaused by: org.hibernate.exception.ConstraintViolationException: could not execute statement\r\n	at org.hibernate.exception.internal.SQLExceptionTypeDelegate.convert(SQLExceptionTypeDelegate.java:72)\r\n	at org.hibernate.exception.internal.StandardSQLExceptionConverter.convert(StandardSQLExceptionConverter.java:49)\r\n	at org.hibernate.engine.jdbc.spi.SqlExceptionHelper.convert(SqlExceptionHelper.java:126)\r\n	at org.hibernate.engine.jdbc.spi.SqlExceptionHelper.convert(SqlExceptionHelper.java:112)\r\n	at org.hibernate.engine.jdbc.internal.ResultSetReturnImpl.executeUpdate(ResultSetReturnImpl.java:211)\r\n	at org.hibernate.engine.jdbc.batch.internal.NonBatchingBatch.addToBatch(NonBatchingBatch.java:62)\r\n	at org.hibernate.persister.entity.AbstractEntityPersister.delete(AbstractEntityPersister.java:3400)\r\n	at org.hibernate.persister.entity.AbstractEntityPersister.delete(AbstractEntityPersister.java:3630)\r\n	at org.hibernate.action.internal.EntityDeleteAction.execute(EntityDeleteAction.java:114)\r\n	at org.hibernate.engine.spi.ActionQueue.executeActions(ActionQueue.java:465)\r\n	at org.hibernate.engine.spi.ActionQueue.executeActions(ActionQueue.java:351)\r\n	at org.hibernate.event.internal.AbstractFlushingEventListener.performExecutions(AbstractFlushingEventListener.java:350)\r\n	at org.hibernate.event.internal.DefaultFlushEventListener.onFlush(DefaultFlushEventListener.java:56)\r\n	at org.hibernate.internal.SessionImpl.flush(SessionImpl.java:1258)\r\n	at org.hibernate.internal.SessionImpl.managedFlush(SessionImpl.java:425)\r\n	at org.hibernate.engine.transaction.internal.jdbc.JdbcTransaction.beforeTransactionCommit(JdbcTransaction.java:101)\r\n	at org.hibernate.engine.transaction.spi.AbstractTransactionImpl.commit(AbstractTransactionImpl.java:177)\r\n	at org.hibernate.jpa.internal.TransactionImpl.commit(TransactionImpl.java:77)\r\n	at org.springframework.orm.jpa.JpaTransactionManager.doCommit(JpaTransactionManager.java:517)\r\n	... 81 more\r\nCaused by: com.mysql.jdbc.exceptions.jdbc4.MySQLIntegrityConstraintViolationException: Cannot delete or update a parent row: a foreign key constraint fails (`sgs_proeza_db`.`art_articulo`, CONSTRAINT `articulo_rubro` FOREIGN KEY (`fk_rubro`) REFERENCES `art_rubro` (`id`) ON DELETE NO ACTION ON UPDATE NO ACTION)\r\n	at sun.reflect.NativeConstructorAccessorImpl.newInstance0(Native Method)\r\n	at sun.reflect.NativeConstructorAccessorImpl.newInstance(NativeConstructorAccessorImpl.java:62)\r\n	at sun.reflect.DelegatingConstructorAccessorImpl.newInstance(DelegatingConstructorAccessorImpl.java:45)\r\n	at java.lang.reflect.Constructor.newInstance(Constructor.java:422)\r\n	at com.mysql.jdbc.Util.handleNewInstance(Util.java:400)\r\n	at com.mysql.jdbc.Util.getInstance(Util.java:383)\r\n	at com.mysql.jdbc.SQLError.createSQLException(SQLError.java:973)\r\n	at com.mysql.jdbc.MysqlIO.checkErrorPacket(MysqlIO.java:3847)\r\n	at com.mysql.jdbc.MysqlIO.checkErrorPacket(MysqlIO.java:3783)\r\n	at com.mysql.jdbc.MysqlIO.sendCommand(MysqlIO.java:2447)\r\n	at com.mysql.jdbc.MysqlIO.sqlQueryDirect(MysqlIO.java:2594)\r\n	at com.mysql.jdbc.ConnectionImpl.execSQL(ConnectionImpl.java:2545)\r\n	at com.mysql.jdbc.PreparedStatement.executeInternal(PreparedStatement.java:1901)\r\n	at com.mysql.jdbc.PreparedStatement.executeUpdate(PreparedStatement.java:2113)\r\n	at com.mysql.jdbc.PreparedStatement.executeUpdate(PreparedStatement.java:2049)\r\n	at com.mysql.jdbc.PreparedStatement.executeUpdate(PreparedStatement.java:2034)\r\n	at org.hibernate.engine.jdbc.internal.ResultSetReturnImpl.executeUpdate(ResultSetReturnImpl.java:208)\r\n	... 95 more\r\n','2016-05-22 23:00:37'),(00000000000000000006,'No entity found for query','javax.persistence.NoResultException','javax.persistence.NoResultException: No entity found for query\r\n	at org.hibernate.jpa.internal.QueryImpl.getSingleResult(QueryImpl.java:498)\r\n	at com.proeza.sgs.system.dao.PageDao.findByGroupAndName(PageDao.java:29)\r\n	at com.proeza.sgs.web.menu.ViewMenuManager.getMenus(ViewMenuManager.java:38)\r\n	at sun.reflect.NativeMethodAccessorImpl.invoke0(Native Method)\r\n	at sun.reflect.NativeMethodAccessorImpl.invoke(NativeMethodAccessorImpl.java:62)\r\n	at sun.reflect.DelegatingMethodAccessorImpl.invoke(DelegatingMethodAccessorImpl.java:43)\r\n	at java.lang.reflect.Method.invoke(Method.java:497)\r\n	at org.springframework.aop.support.AopUtils.invokeJoinpointUsingReflection(AopUtils.java:302)\r\n	at org.springframework.aop.framework.ReflectiveMethodInvocation.invokeJoinpoint(ReflectiveMethodInvocation.java:190)\r\n	at org.springframework.aop.framework.ReflectiveMethodInvocation.proceed(ReflectiveMethodInvocation.java:157)\r\n	at org.springframework.transaction.interceptor.TransactionInterceptor$1.proceedWithInvocation(TransactionInterceptor.java:99)\r\n	at org.springframework.transaction.interceptor.TransactionAspectSupport.invokeWithinTransaction(TransactionAspectSupport.java:281)\r\n	at org.springframework.transaction.interceptor.TransactionInterceptor.invoke(TransactionInterceptor.java:96)\r\n	at org.springframework.aop.framework.ReflectiveMethodInvocation.proceed(ReflectiveMethodInvocation.java:179)\r\n	at org.springframework.aop.framework.JdkDynamicAopProxy.invoke(JdkDynamicAopProxy.java:207)\r\n	at com.sun.proxy.$Proxy113.getMenus(Unknown Source)\r\n	at com.proeza.sgs.web.controller.UsuarioController.home(UsuarioController.java:39)\r\n	at sun.reflect.NativeMethodAccessorImpl.invoke0(Native Method)\r\n	at sun.reflect.NativeMethodAccessorImpl.invoke(NativeMethodAccessorImpl.java:62)\r\n	at sun.reflect.DelegatingMethodAccessorImpl.invoke(DelegatingMethodAccessorImpl.java:43)\r\n	at java.lang.reflect.Method.invoke(Method.java:497)\r\n	at org.springframework.web.method.support.InvocableHandlerMethod.doInvoke(InvocableHandlerMethod.java:221)\r\n	at org.springframework.web.method.support.InvocableHandlerMethod.invokeForRequest(InvocableHandlerMethod.java:137)\r\n	at org.springframework.web.servlet.mvc.method.annotation.ServletInvocableHandlerMethod.invokeAndHandle(ServletInvocableHandlerMethod.java:111)\r\n	at org.springframework.web.servlet.mvc.method.annotation.RequestMappingHandlerAdapter.invokeHandlerMethod(RequestMappingHandlerAdapter.java:806)\r\n	at org.springframework.web.servlet.mvc.method.annotation.RequestMappingHandlerAdapter.handleInternal(RequestMappingHandlerAdapter.java:729)\r\n	at org.springframework.web.servlet.mvc.method.AbstractHandlerMethodAdapter.handle(AbstractHandlerMethodAdapter.java:85)\r\n	at org.springframework.web.servlet.DispatcherServlet.doDispatch(DispatcherServlet.java:959)\r\n	at org.springframework.web.servlet.DispatcherServlet.doService(DispatcherServlet.java:893)\r\n	at org.springframework.web.servlet.FrameworkServlet.processRequest(FrameworkServlet.java:970)\r\n	at org.springframework.web.servlet.FrameworkServlet.doGet(FrameworkServlet.java:861)\r\n	at javax.servlet.http.HttpServlet.service(HttpServlet.java:621)\r\n	at org.springframework.web.servlet.FrameworkServlet.service(FrameworkServlet.java:846)\r\n	at javax.servlet.http.HttpServlet.service(HttpServlet.java:728)\r\n	at org.apache.catalina.core.ApplicationFilterChain.internalDoFilter(ApplicationFilterChain.java:305)\r\n	at org.apache.catalina.core.ApplicationFilterChain.doFilter(ApplicationFilterChain.java:210)\r\n	at org.springframework.web.filter.CharacterEncodingFilter.doFilterInternal(CharacterEncodingFilter.java:85)\r\n	at org.springframework.web.filter.OncePerRequestFilter.doFilter(OncePerRequestFilter.java:107)\r\n	at org.apache.catalina.core.ApplicationFilterChain.internalDoFilter(ApplicationFilterChain.java:243)\r\n	at org.apache.catalina.core.ApplicationFilterChain.doFilter(ApplicationFilterChain.java:210)\r\n	at org.apache.tomcat.websocket.server.WsFilter.doFilter(WsFilter.java:51)\r\n	at org.apache.catalina.core.ApplicationFilterChain.internalDoFilter(ApplicationFilterChain.java:243)\r\n	at org.apache.catalina.core.ApplicationFilterChain.doFilter(ApplicationFilterChain.java:210)\r\n	at org.springframework.security.web.FilterChainProxy$VirtualFilterChain.doFilter(FilterChainProxy.java:316)\r\n	at org.springframework.security.web.access.intercept.FilterSecurityInterceptor.invoke(FilterSecurityInterceptor.java:126)\r\n	at org.springframework.security.web.access.intercept.FilterSecurityInterceptor.doFilter(FilterSecurityInterceptor.java:90)\r\n	at org.springframework.security.web.FilterChainProxy$VirtualFilterChain.doFilter(FilterChainProxy.java:330)\r\n	at org.springframework.security.web.access.ExceptionTranslationFilter.doFilter(ExceptionTranslationFilter.java:114)\r\n	at org.springframework.security.web.FilterChainProxy$VirtualFilterChain.doFilter(FilterChainProxy.java:330)\r\n	at org.springframework.security.web.session.SessionManagementFilter.doFilter(SessionManagementFilter.java:122)\r\n	at org.springframework.security.web.FilterChainProxy$VirtualFilterChain.doFilter(FilterChainProxy.java:330)\r\n	at org.springframework.security.web.authentication.AnonymousAuthenticationFilter.doFilter(AnonymousAuthenticationFilter.java:111)\r\n	at org.springframework.security.web.FilterChainProxy$VirtualFilterChain.doFilter(FilterChainProxy.java:330)\r\n	at org.springframework.security.web.servletapi.SecurityContextHolderAwareRequestFilter.doFilter(SecurityContextHolderAwareRequestFilter.java:169)\r\n	at org.springframework.security.web.FilterChainProxy$VirtualFilterChain.doFilter(FilterChainProxy.java:330)\r\n	at org.springframework.security.web.savedrequest.RequestCacheAwareFilter.doFilter(RequestCacheAwareFilter.java:48)\r\n	at org.springframework.security.web.FilterChainProxy$VirtualFilterChain.doFilter(FilterChainProxy.java:330)\r\n	at org.springframework.security.web.authentication.AbstractAuthenticationProcessingFilter.doFilter(AbstractAuthenticationProcessingFilter.java:205)\r\n	at org.springframework.security.web.FilterChainProxy$VirtualFilterChain.doFilter(FilterChainProxy.java:330)\r\n	at org.springframework.security.web.authentication.logout.LogoutFilter.doFilter(LogoutFilter.java:120)\r\n	at org.springframework.security.web.FilterChainProxy$VirtualFilterChain.doFilter(FilterChainProxy.java:330)\r\n	at org.springframework.security.web.header.HeaderWriterFilter.doFilterInternal(HeaderWriterFilter.java:64)\r\n	at org.springframework.web.filter.OncePerRequestFilter.doFilter(OncePerRequestFilter.java:107)\r\n	at org.springframework.security.web.FilterChainProxy$VirtualFilterChain.doFilter(FilterChainProxy.java:330)\r\n	at org.springframework.security.web.context.SecurityContextPersistenceFilter.doFilter(SecurityContextPersistenceFilter.java:91)\r\n	at org.springframework.security.web.FilterChainProxy$VirtualFilterChain.doFilter(FilterChainProxy.java:330)\r\n	at org.springframework.security.web.context.request.async.WebAsyncManagerIntegrationFilter.doFilterInternal(WebAsyncManagerIntegrationFilter.java:53)\r\n	at org.springframework.web.filter.OncePerRequestFilter.doFilter(OncePerRequestFilter.java:107)\r\n	at org.springframework.security.web.FilterChainProxy$VirtualFilterChain.doFilter(FilterChainProxy.java:330)\r\n	at org.springframework.security.web.FilterChainProxy.doFilterInternal(FilterChainProxy.java:213)\r\n	at org.springframework.security.web.FilterChainProxy.doFilter(FilterChainProxy.java:176)\r\n	at org.springframework.web.filter.DelegatingFilterProxy.invokeDelegate(DelegatingFilterProxy.java:346)\r\n	at org.springframework.web.filter.DelegatingFilterProxy.doFilter(DelegatingFilterProxy.java:262)\r\n	at org.apache.catalina.core.ApplicationFilterChain.internalDoFilter(ApplicationFilterChain.java:243)\r\n	at org.apache.catalina.core.ApplicationFilterChain.doFilter(ApplicationFilterChain.java:210)\r\n	at org.apache.catalina.core.StandardWrapperValve.invoke(StandardWrapperValve.java:222)\r\n	at org.apache.catalina.core.StandardContextValve.invoke(StandardContextValve.java:123)\r\n	at org.apache.catalina.authenticator.AuthenticatorBase.invoke(AuthenticatorBase.java:502)\r\n	at org.apache.catalina.core.StandardHostValve.invoke(StandardHostValve.java:171)\r\n	at org.apache.catalina.valves.ErrorReportValve.invoke(ErrorReportValve.java:100)\r\n	at org.apache.catalina.valves.AccessLogValve.invoke(AccessLogValve.java:953)\r\n	at org.apache.catalina.core.StandardEngineValve.invoke(StandardEngineValve.java:118)\r\n	at org.apache.catalina.connector.CoyoteAdapter.service(CoyoteAdapter.java:408)\r\n	at org.apache.coyote.http11.AbstractHttp11Processor.process(AbstractHttp11Processor.java:1041)\r\n	at org.apache.coyote.AbstractProtocol$AbstractConnectionHandler.process(AbstractProtocol.java:603)\r\n	at org.apache.tomcat.util.net.JIoEndpoint$SocketProcessor.run(JIoEndpoint.java:310)\r\n	at java.util.concurrent.ThreadPoolExecutor.runWorker(ThreadPoolExecutor.java:1142)\r\n	at java.util.concurrent.ThreadPoolExecutor$Worker.run(ThreadPoolExecutor.java:617)\r\n	at java.lang.Thread.run(Thread.java:745)\r\n','2016-05-23 00:34:16'),(00000000000000000007,'No entity found for query','javax.persistence.NoResultException','javax.persistence.NoResultException: No entity found for query\r\n	at org.hibernate.jpa.internal.QueryImpl.getSingleResult(QueryImpl.java:498)\r\n	at com.proeza.sgs.system.dao.PageDao.findByGroupAndName(PageDao.java:29)\r\n	at com.proeza.sgs.web.menu.ViewMenuManager.getMenus(ViewMenuManager.java:38)\r\n	at sun.reflect.NativeMethodAccessorImpl.invoke0(Native Method)\r\n	at sun.reflect.NativeMethodAccessorImpl.invoke(NativeMethodAccessorImpl.java:62)\r\n	at sun.reflect.DelegatingMethodAccessorImpl.invoke(DelegatingMethodAccessorImpl.java:43)\r\n	at java.lang.reflect.Method.invoke(Method.java:497)\r\n	at org.springframework.aop.support.AopUtils.invokeJoinpointUsingReflection(AopUtils.java:302)\r\n	at org.springframework.aop.framework.ReflectiveMethodInvocation.invokeJoinpoint(ReflectiveMethodInvocation.java:190)\r\n	at org.springframework.aop.framework.ReflectiveMethodInvocation.proceed(ReflectiveMethodInvocation.java:157)\r\n	at org.springframework.transaction.interceptor.TransactionInterceptor$1.proceedWithInvocation(TransactionInterceptor.java:99)\r\n	at org.springframework.transaction.interceptor.TransactionAspectSupport.invokeWithinTransaction(TransactionAspectSupport.java:281)\r\n	at org.springframework.transaction.interceptor.TransactionInterceptor.invoke(TransactionInterceptor.java:96)\r\n	at org.springframework.aop.framework.ReflectiveMethodInvocation.proceed(ReflectiveMethodInvocation.java:179)\r\n	at org.springframework.aop.framework.JdkDynamicAopProxy.invoke(JdkDynamicAopProxy.java:207)\r\n	at com.sun.proxy.$Proxy113.getMenus(Unknown Source)\r\n	at com.proeza.sgs.web.controller.UsuarioController.home(UsuarioController.java:39)\r\n	at sun.reflect.NativeMethodAccessorImpl.invoke0(Native Method)\r\n	at sun.reflect.NativeMethodAccessorImpl.invoke(NativeMethodAccessorImpl.java:62)\r\n	at sun.reflect.DelegatingMethodAccessorImpl.invoke(DelegatingMethodAccessorImpl.java:43)\r\n	at java.lang.reflect.Method.invoke(Method.java:497)\r\n	at org.springframework.web.method.support.InvocableHandlerMethod.doInvoke(InvocableHandlerMethod.java:221)\r\n	at org.springframework.web.method.support.InvocableHandlerMethod.invokeForRequest(InvocableHandlerMethod.java:137)\r\n	at org.springframework.web.servlet.mvc.method.annotation.ServletInvocableHandlerMethod.invokeAndHandle(ServletInvocableHandlerMethod.java:111)\r\n	at org.springframework.web.servlet.mvc.method.annotation.RequestMappingHandlerAdapter.invokeHandlerMethod(RequestMappingHandlerAdapter.java:806)\r\n	at org.springframework.web.servlet.mvc.method.annotation.RequestMappingHandlerAdapter.handleInternal(RequestMappingHandlerAdapter.java:729)\r\n	at org.springframework.web.servlet.mvc.method.AbstractHandlerMethodAdapter.handle(AbstractHandlerMethodAdapter.java:85)\r\n	at org.springframework.web.servlet.DispatcherServlet.doDispatch(DispatcherServlet.java:959)\r\n	at org.springframework.web.servlet.DispatcherServlet.doService(DispatcherServlet.java:893)\r\n	at org.springframework.web.servlet.FrameworkServlet.processRequest(FrameworkServlet.java:970)\r\n	at org.springframework.web.servlet.FrameworkServlet.doGet(FrameworkServlet.java:861)\r\n	at javax.servlet.http.HttpServlet.service(HttpServlet.java:621)\r\n	at org.springframework.web.servlet.FrameworkServlet.service(FrameworkServlet.java:846)\r\n	at javax.servlet.http.HttpServlet.service(HttpServlet.java:728)\r\n	at org.apache.catalina.core.ApplicationFilterChain.internalDoFilter(ApplicationFilterChain.java:305)\r\n	at org.apache.catalina.core.ApplicationFilterChain.doFilter(ApplicationFilterChain.java:210)\r\n	at org.springframework.web.filter.CharacterEncodingFilter.doFilterInternal(CharacterEncodingFilter.java:85)\r\n	at org.springframework.web.filter.OncePerRequestFilter.doFilter(OncePerRequestFilter.java:107)\r\n	at org.apache.catalina.core.ApplicationFilterChain.internalDoFilter(ApplicationFilterChain.java:243)\r\n	at org.apache.catalina.core.ApplicationFilterChain.doFilter(ApplicationFilterChain.java:210)\r\n	at org.apache.tomcat.websocket.server.WsFilter.doFilter(WsFilter.java:51)\r\n	at org.apache.catalina.core.ApplicationFilterChain.internalDoFilter(ApplicationFilterChain.java:243)\r\n	at org.apache.catalina.core.ApplicationFilterChain.doFilter(ApplicationFilterChain.java:210)\r\n	at org.springframework.security.web.FilterChainProxy$VirtualFilterChain.doFilter(FilterChainProxy.java:316)\r\n	at org.springframework.security.web.access.intercept.FilterSecurityInterceptor.invoke(FilterSecurityInterceptor.java:126)\r\n	at org.springframework.security.web.access.intercept.FilterSecurityInterceptor.doFilter(FilterSecurityInterceptor.java:90)\r\n	at org.springframework.security.web.FilterChainProxy$VirtualFilterChain.doFilter(FilterChainProxy.java:330)\r\n	at org.springframework.security.web.access.ExceptionTranslationFilter.doFilter(ExceptionTranslationFilter.java:114)\r\n	at org.springframework.security.web.FilterChainProxy$VirtualFilterChain.doFilter(FilterChainProxy.java:330)\r\n	at org.springframework.security.web.session.SessionManagementFilter.doFilter(SessionManagementFilter.java:122)\r\n	at org.springframework.security.web.FilterChainProxy$VirtualFilterChain.doFilter(FilterChainProxy.java:330)\r\n	at org.springframework.security.web.authentication.AnonymousAuthenticationFilter.doFilter(AnonymousAuthenticationFilter.java:111)\r\n	at org.springframework.security.web.FilterChainProxy$VirtualFilterChain.doFilter(FilterChainProxy.java:330)\r\n	at org.springframework.security.web.servletapi.SecurityContextHolderAwareRequestFilter.doFilter(SecurityContextHolderAwareRequestFilter.java:169)\r\n	at org.springframework.security.web.FilterChainProxy$VirtualFilterChain.doFilter(FilterChainProxy.java:330)\r\n	at org.springframework.security.web.savedrequest.RequestCacheAwareFilter.doFilter(RequestCacheAwareFilter.java:48)\r\n	at org.springframework.security.web.FilterChainProxy$VirtualFilterChain.doFilter(FilterChainProxy.java:330)\r\n	at org.springframework.security.web.authentication.AbstractAuthenticationProcessingFilter.doFilter(AbstractAuthenticationProcessingFilter.java:205)\r\n	at org.springframework.security.web.FilterChainProxy$VirtualFilterChain.doFilter(FilterChainProxy.java:330)\r\n	at org.springframework.security.web.authentication.logout.LogoutFilter.doFilter(LogoutFilter.java:120)\r\n	at org.springframework.security.web.FilterChainProxy$VirtualFilterChain.doFilter(FilterChainProxy.java:330)\r\n	at org.springframework.security.web.header.HeaderWriterFilter.doFilterInternal(HeaderWriterFilter.java:64)\r\n	at org.springframework.web.filter.OncePerRequestFilter.doFilter(OncePerRequestFilter.java:107)\r\n	at org.springframework.security.web.FilterChainProxy$VirtualFilterChain.doFilter(FilterChainProxy.java:330)\r\n	at org.springframework.security.web.context.SecurityContextPersistenceFilter.doFilter(SecurityContextPersistenceFilter.java:91)\r\n	at org.springframework.security.web.FilterChainProxy$VirtualFilterChain.doFilter(FilterChainProxy.java:330)\r\n	at org.springframework.security.web.context.request.async.WebAsyncManagerIntegrationFilter.doFilterInternal(WebAsyncManagerIntegrationFilter.java:53)\r\n	at org.springframework.web.filter.OncePerRequestFilter.doFilter(OncePerRequestFilter.java:107)\r\n	at org.springframework.security.web.FilterChainProxy$VirtualFilterChain.doFilter(FilterChainProxy.java:330)\r\n	at org.springframework.security.web.FilterChainProxy.doFilterInternal(FilterChainProxy.java:213)\r\n	at org.springframework.security.web.FilterChainProxy.doFilter(FilterChainProxy.java:176)\r\n	at org.springframework.web.filter.DelegatingFilterProxy.invokeDelegate(DelegatingFilterProxy.java:346)\r\n	at org.springframework.web.filter.DelegatingFilterProxy.doFilter(DelegatingFilterProxy.java:262)\r\n	at org.apache.catalina.core.ApplicationFilterChain.internalDoFilter(ApplicationFilterChain.java:243)\r\n	at org.apache.catalina.core.ApplicationFilterChain.doFilter(ApplicationFilterChain.java:210)\r\n	at org.apache.catalina.core.StandardWrapperValve.invoke(StandardWrapperValve.java:222)\r\n	at org.apache.catalina.core.StandardContextValve.invoke(StandardContextValve.java:123)\r\n	at org.apache.catalina.authenticator.AuthenticatorBase.invoke(AuthenticatorBase.java:502)\r\n	at org.apache.catalina.core.StandardHostValve.invoke(StandardHostValve.java:171)\r\n	at org.apache.catalina.valves.ErrorReportValve.invoke(ErrorReportValve.java:100)\r\n	at org.apache.catalina.valves.AccessLogValve.invoke(AccessLogValve.java:953)\r\n	at org.apache.catalina.core.StandardEngineValve.invoke(StandardEngineValve.java:118)\r\n	at org.apache.catalina.connector.CoyoteAdapter.service(CoyoteAdapter.java:408)\r\n	at org.apache.coyote.http11.AbstractHttp11Processor.process(AbstractHttp11Processor.java:1041)\r\n	at org.apache.coyote.AbstractProtocol$AbstractConnectionHandler.process(AbstractProtocol.java:603)\r\n	at org.apache.tomcat.util.net.JIoEndpoint$SocketProcessor.run(JIoEndpoint.java:312)\r\n	at java.util.concurrent.ThreadPoolExecutor.runWorker(ThreadPoolExecutor.java:1142)\r\n	at java.util.concurrent.ThreadPoolExecutor$Worker.run(ThreadPoolExecutor.java:617)\r\n	at java.lang.Thread.run(Thread.java:745)\r\n','2016-05-23 00:34:48'),(00000000000000000008,'No entity found for query','javax.persistence.NoResultException','javax.persistence.NoResultException: No entity found for query\r\n	at org.hibernate.jpa.internal.QueryImpl.getSingleResult(QueryImpl.java:498)\r\n	at com.proeza.sgs.system.dao.PageDao.findByGroupAndName(PageDao.java:29)\r\n	at com.proeza.sgs.web.menu.ViewMenuManager.getMenus(ViewMenuManager.java:38)\r\n	at sun.reflect.NativeMethodAccessorImpl.invoke0(Native Method)\r\n	at sun.reflect.NativeMethodAccessorImpl.invoke(NativeMethodAccessorImpl.java:62)\r\n	at sun.reflect.DelegatingMethodAccessorImpl.invoke(DelegatingMethodAccessorImpl.java:43)\r\n	at java.lang.reflect.Method.invoke(Method.java:497)\r\n	at org.springframework.aop.support.AopUtils.invokeJoinpointUsingReflection(AopUtils.java:302)\r\n	at org.springframework.aop.framework.ReflectiveMethodInvocation.invokeJoinpoint(ReflectiveMethodInvocation.java:190)\r\n	at org.springframework.aop.framework.ReflectiveMethodInvocation.proceed(ReflectiveMethodInvocation.java:157)\r\n	at org.springframework.transaction.interceptor.TransactionInterceptor$1.proceedWithInvocation(TransactionInterceptor.java:99)\r\n	at org.springframework.transaction.interceptor.TransactionAspectSupport.invokeWithinTransaction(TransactionAspectSupport.java:281)\r\n	at org.springframework.transaction.interceptor.TransactionInterceptor.invoke(TransactionInterceptor.java:96)\r\n	at org.springframework.aop.framework.ReflectiveMethodInvocation.proceed(ReflectiveMethodInvocation.java:179)\r\n	at org.springframework.aop.framework.JdkDynamicAopProxy.invoke(JdkDynamicAopProxy.java:207)\r\n	at com.sun.proxy.$Proxy113.getMenus(Unknown Source)\r\n	at com.proeza.sgs.web.controller.UsuarioController.home(UsuarioController.java:39)\r\n	at sun.reflect.NativeMethodAccessorImpl.invoke0(Native Method)\r\n	at sun.reflect.NativeMethodAccessorImpl.invoke(NativeMethodAccessorImpl.java:62)\r\n	at sun.reflect.DelegatingMethodAccessorImpl.invoke(DelegatingMethodAccessorImpl.java:43)\r\n	at java.lang.reflect.Method.invoke(Method.java:497)\r\n	at org.springframework.web.method.support.InvocableHandlerMethod.doInvoke(InvocableHandlerMethod.java:221)\r\n	at org.springframework.web.method.support.InvocableHandlerMethod.invokeForRequest(InvocableHandlerMethod.java:137)\r\n	at org.springframework.web.servlet.mvc.method.annotation.ServletInvocableHandlerMethod.invokeAndHandle(ServletInvocableHandlerMethod.java:111)\r\n	at org.springframework.web.servlet.mvc.method.annotation.RequestMappingHandlerAdapter.invokeHandlerMethod(RequestMappingHandlerAdapter.java:806)\r\n	at org.springframework.web.servlet.mvc.method.annotation.RequestMappingHandlerAdapter.handleInternal(RequestMappingHandlerAdapter.java:729)\r\n	at org.springframework.web.servlet.mvc.method.AbstractHandlerMethodAdapter.handle(AbstractHandlerMethodAdapter.java:85)\r\n	at org.springframework.web.servlet.DispatcherServlet.doDispatch(DispatcherServlet.java:959)\r\n	at org.springframework.web.servlet.DispatcherServlet.doService(DispatcherServlet.java:893)\r\n	at org.springframework.web.servlet.FrameworkServlet.processRequest(FrameworkServlet.java:970)\r\n	at org.springframework.web.servlet.FrameworkServlet.doGet(FrameworkServlet.java:861)\r\n	at javax.servlet.http.HttpServlet.service(HttpServlet.java:621)\r\n	at org.springframework.web.servlet.FrameworkServlet.service(FrameworkServlet.java:846)\r\n	at javax.servlet.http.HttpServlet.service(HttpServlet.java:728)\r\n	at org.apache.catalina.core.ApplicationFilterChain.internalDoFilter(ApplicationFilterChain.java:305)\r\n	at org.apache.catalina.core.ApplicationFilterChain.doFilter(ApplicationFilterChain.java:210)\r\n	at org.springframework.web.filter.CharacterEncodingFilter.doFilterInternal(CharacterEncodingFilter.java:85)\r\n	at org.springframework.web.filter.OncePerRequestFilter.doFilter(OncePerRequestFilter.java:107)\r\n	at org.apache.catalina.core.ApplicationFilterChain.internalDoFilter(ApplicationFilterChain.java:243)\r\n	at org.apache.catalina.core.ApplicationFilterChain.doFilter(ApplicationFilterChain.java:210)\r\n	at org.apache.tomcat.websocket.server.WsFilter.doFilter(WsFilter.java:51)\r\n	at org.apache.catalina.core.ApplicationFilterChain.internalDoFilter(ApplicationFilterChain.java:243)\r\n	at org.apache.catalina.core.ApplicationFilterChain.doFilter(ApplicationFilterChain.java:210)\r\n	at org.springframework.security.web.FilterChainProxy$VirtualFilterChain.doFilter(FilterChainProxy.java:316)\r\n	at org.springframework.security.web.access.intercept.FilterSecurityInterceptor.invoke(FilterSecurityInterceptor.java:126)\r\n	at org.springframework.security.web.access.intercept.FilterSecurityInterceptor.doFilter(FilterSecurityInterceptor.java:90)\r\n	at org.springframework.security.web.FilterChainProxy$VirtualFilterChain.doFilter(FilterChainProxy.java:330)\r\n	at org.springframework.security.web.access.ExceptionTranslationFilter.doFilter(ExceptionTranslationFilter.java:114)\r\n	at org.springframework.security.web.FilterChainProxy$VirtualFilterChain.doFilter(FilterChainProxy.java:330)\r\n	at org.springframework.security.web.session.SessionManagementFilter.doFilter(SessionManagementFilter.java:122)\r\n	at org.springframework.security.web.FilterChainProxy$VirtualFilterChain.doFilter(FilterChainProxy.java:330)\r\n	at org.springframework.security.web.authentication.AnonymousAuthenticationFilter.doFilter(AnonymousAuthenticationFilter.java:111)\r\n	at org.springframework.security.web.FilterChainProxy$VirtualFilterChain.doFilter(FilterChainProxy.java:330)\r\n	at org.springframework.security.web.servletapi.SecurityContextHolderAwareRequestFilter.doFilter(SecurityContextHolderAwareRequestFilter.java:169)\r\n	at org.springframework.security.web.FilterChainProxy$VirtualFilterChain.doFilter(FilterChainProxy.java:330)\r\n	at org.springframework.security.web.savedrequest.RequestCacheAwareFilter.doFilter(RequestCacheAwareFilter.java:48)\r\n	at org.springframework.security.web.FilterChainProxy$VirtualFilterChain.doFilter(FilterChainProxy.java:330)\r\n	at org.springframework.security.web.authentication.AbstractAuthenticationProcessingFilter.doFilter(AbstractAuthenticationProcessingFilter.java:205)\r\n	at org.springframework.security.web.FilterChainProxy$VirtualFilterChain.doFilter(FilterChainProxy.java:330)\r\n	at org.springframework.security.web.authentication.logout.LogoutFilter.doFilter(LogoutFilter.java:120)\r\n	at org.springframework.security.web.FilterChainProxy$VirtualFilterChain.doFilter(FilterChainProxy.java:330)\r\n	at org.springframework.security.web.header.HeaderWriterFilter.doFilterInternal(HeaderWriterFilter.java:64)\r\n	at org.springframework.web.filter.OncePerRequestFilter.doFilter(OncePerRequestFilter.java:107)\r\n	at org.springframework.security.web.FilterChainProxy$VirtualFilterChain.doFilter(FilterChainProxy.java:330)\r\n	at org.springframework.security.web.context.SecurityContextPersistenceFilter.doFilter(SecurityContextPersistenceFilter.java:91)\r\n	at org.springframework.security.web.FilterChainProxy$VirtualFilterChain.doFilter(FilterChainProxy.java:330)\r\n	at org.springframework.security.web.context.request.async.WebAsyncManagerIntegrationFilter.doFilterInternal(WebAsyncManagerIntegrationFilter.java:53)\r\n	at org.springframework.web.filter.OncePerRequestFilter.doFilter(OncePerRequestFilter.java:107)\r\n	at org.springframework.security.web.FilterChainProxy$VirtualFilterChain.doFilter(FilterChainProxy.java:330)\r\n	at org.springframework.security.web.FilterChainProxy.doFilterInternal(FilterChainProxy.java:213)\r\n	at org.springframework.security.web.FilterChainProxy.doFilter(FilterChainProxy.java:176)\r\n	at org.springframework.web.filter.DelegatingFilterProxy.invokeDelegate(DelegatingFilterProxy.java:346)\r\n	at org.springframework.web.filter.DelegatingFilterProxy.doFilter(DelegatingFilterProxy.java:262)\r\n	at org.apache.catalina.core.ApplicationFilterChain.internalDoFilter(ApplicationFilterChain.java:243)\r\n	at org.apache.catalina.core.ApplicationFilterChain.doFilter(ApplicationFilterChain.java:210)\r\n	at org.apache.catalina.core.StandardWrapperValve.invoke(StandardWrapperValve.java:222)\r\n	at org.apache.catalina.core.StandardContextValve.invoke(StandardContextValve.java:123)\r\n	at org.apache.catalina.authenticator.AuthenticatorBase.invoke(AuthenticatorBase.java:502)\r\n	at org.apache.catalina.core.StandardHostValve.invoke(StandardHostValve.java:171)\r\n	at org.apache.catalina.valves.ErrorReportValve.invoke(ErrorReportValve.java:100)\r\n	at org.apache.catalina.valves.AccessLogValve.invoke(AccessLogValve.java:953)\r\n	at org.apache.catalina.core.StandardEngineValve.invoke(StandardEngineValve.java:118)\r\n	at org.apache.catalina.connector.CoyoteAdapter.service(CoyoteAdapter.java:408)\r\n	at org.apache.coyote.http11.AbstractHttp11Processor.process(AbstractHttp11Processor.java:1041)\r\n	at org.apache.coyote.AbstractProtocol$AbstractConnectionHandler.process(AbstractProtocol.java:603)\r\n	at org.apache.tomcat.util.net.JIoEndpoint$SocketProcessor.run(JIoEndpoint.java:312)\r\n	at java.util.concurrent.ThreadPoolExecutor.runWorker(ThreadPoolExecutor.java:1142)\r\n	at java.util.concurrent.ThreadPoolExecutor$Worker.run(ThreadPoolExecutor.java:617)\r\n	at java.lang.Thread.run(Thread.java:745)\r\n','2016-05-23 00:34:50'),(00000000000000000009,'No entity found for query','javax.persistence.NoResultException','javax.persistence.NoResultException: No entity found for query\r\n	at org.hibernate.jpa.internal.QueryImpl.getSingleResult(QueryImpl.java:498)\r\n	at com.proeza.sgs.system.dao.PageDao.findByGroupAndName(PageDao.java:29)\r\n	at com.proeza.sgs.web.menu.ViewMenuManager.getMenus(ViewMenuManager.java:38)\r\n	at sun.reflect.NativeMethodAccessorImpl.invoke0(Native Method)\r\n	at sun.reflect.NativeMethodAccessorImpl.invoke(NativeMethodAccessorImpl.java:62)\r\n	at sun.reflect.DelegatingMethodAccessorImpl.invoke(DelegatingMethodAccessorImpl.java:43)\r\n	at java.lang.reflect.Method.invoke(Method.java:497)\r\n	at org.springframework.aop.support.AopUtils.invokeJoinpointUsingReflection(AopUtils.java:302)\r\n	at org.springframework.aop.framework.ReflectiveMethodInvocation.invokeJoinpoint(ReflectiveMethodInvocation.java:190)\r\n	at org.springframework.aop.framework.ReflectiveMethodInvocation.proceed(ReflectiveMethodInvocation.java:157)\r\n	at org.springframework.transaction.interceptor.TransactionInterceptor$1.proceedWithInvocation(TransactionInterceptor.java:99)\r\n	at org.springframework.transaction.interceptor.TransactionAspectSupport.invokeWithinTransaction(TransactionAspectSupport.java:281)\r\n	at org.springframework.transaction.interceptor.TransactionInterceptor.invoke(TransactionInterceptor.java:96)\r\n	at org.springframework.aop.framework.ReflectiveMethodInvocation.proceed(ReflectiveMethodInvocation.java:179)\r\n	at org.springframework.aop.framework.JdkDynamicAopProxy.invoke(JdkDynamicAopProxy.java:207)\r\n	at com.sun.proxy.$Proxy113.getMenus(Unknown Source)\r\n	at com.proeza.sgs.web.controller.UsuarioController.home(UsuarioController.java:39)\r\n	at sun.reflect.NativeMethodAccessorImpl.invoke0(Native Method)\r\n	at sun.reflect.NativeMethodAccessorImpl.invoke(NativeMethodAccessorImpl.java:62)\r\n	at sun.reflect.DelegatingMethodAccessorImpl.invoke(DelegatingMethodAccessorImpl.java:43)\r\n	at java.lang.reflect.Method.invoke(Method.java:497)\r\n	at org.springframework.web.method.support.InvocableHandlerMethod.doInvoke(InvocableHandlerMethod.java:221)\r\n	at org.springframework.web.method.support.InvocableHandlerMethod.invokeForRequest(InvocableHandlerMethod.java:137)\r\n	at org.springframework.web.servlet.mvc.method.annotation.ServletInvocableHandlerMethod.invokeAndHandle(ServletInvocableHandlerMethod.java:111)\r\n	at org.springframework.web.servlet.mvc.method.annotation.RequestMappingHandlerAdapter.invokeHandlerMethod(RequestMappingHandlerAdapter.java:806)\r\n	at org.springframework.web.servlet.mvc.method.annotation.RequestMappingHandlerAdapter.handleInternal(RequestMappingHandlerAdapter.java:729)\r\n	at org.springframework.web.servlet.mvc.method.AbstractHandlerMethodAdapter.handle(AbstractHandlerMethodAdapter.java:85)\r\n	at org.springframework.web.servlet.DispatcherServlet.doDispatch(DispatcherServlet.java:959)\r\n	at org.springframework.web.servlet.DispatcherServlet.doService(DispatcherServlet.java:893)\r\n	at org.springframework.web.servlet.FrameworkServlet.processRequest(FrameworkServlet.java:970)\r\n	at org.springframework.web.servlet.FrameworkServlet.doGet(FrameworkServlet.java:861)\r\n	at javax.servlet.http.HttpServlet.service(HttpServlet.java:621)\r\n	at org.springframework.web.servlet.FrameworkServlet.service(FrameworkServlet.java:846)\r\n	at javax.servlet.http.HttpServlet.service(HttpServlet.java:728)\r\n	at org.apache.catalina.core.ApplicationFilterChain.internalDoFilter(ApplicationFilterChain.java:305)\r\n	at org.apache.catalina.core.ApplicationFilterChain.doFilter(ApplicationFilterChain.java:210)\r\n	at org.springframework.web.filter.CharacterEncodingFilter.doFilterInternal(CharacterEncodingFilter.java:85)\r\n	at org.springframework.web.filter.OncePerRequestFilter.doFilter(OncePerRequestFilter.java:107)\r\n	at org.apache.catalina.core.ApplicationFilterChain.internalDoFilter(ApplicationFilterChain.java:243)\r\n	at org.apache.catalina.core.ApplicationFilterChain.doFilter(ApplicationFilterChain.java:210)\r\n	at org.apache.tomcat.websocket.server.WsFilter.doFilter(WsFilter.java:51)\r\n	at org.apache.catalina.core.ApplicationFilterChain.internalDoFilter(ApplicationFilterChain.java:243)\r\n	at org.apache.catalina.core.ApplicationFilterChain.doFilter(ApplicationFilterChain.java:210)\r\n	at org.springframework.security.web.FilterChainProxy$VirtualFilterChain.doFilter(FilterChainProxy.java:316)\r\n	at org.springframework.security.web.access.intercept.FilterSecurityInterceptor.invoke(FilterSecurityInterceptor.java:126)\r\n	at org.springframework.security.web.access.intercept.FilterSecurityInterceptor.doFilter(FilterSecurityInterceptor.java:90)\r\n	at org.springframework.security.web.FilterChainProxy$VirtualFilterChain.doFilter(FilterChainProxy.java:330)\r\n	at org.springframework.security.web.access.ExceptionTranslationFilter.doFilter(ExceptionTranslationFilter.java:114)\r\n	at org.springframework.security.web.FilterChainProxy$VirtualFilterChain.doFilter(FilterChainProxy.java:330)\r\n	at org.springframework.security.web.session.SessionManagementFilter.doFilter(SessionManagementFilter.java:122)\r\n	at org.springframework.security.web.FilterChainProxy$VirtualFilterChain.doFilter(FilterChainProxy.java:330)\r\n	at org.springframework.security.web.authentication.AnonymousAuthenticationFilter.doFilter(AnonymousAuthenticationFilter.java:111)\r\n	at org.springframework.security.web.FilterChainProxy$VirtualFilterChain.doFilter(FilterChainProxy.java:330)\r\n	at org.springframework.security.web.servletapi.SecurityContextHolderAwareRequestFilter.doFilter(SecurityContextHolderAwareRequestFilter.java:169)\r\n	at org.springframework.security.web.FilterChainProxy$VirtualFilterChain.doFilter(FilterChainProxy.java:330)\r\n	at org.springframework.security.web.savedrequest.RequestCacheAwareFilter.doFilter(RequestCacheAwareFilter.java:48)\r\n	at org.springframework.security.web.FilterChainProxy$VirtualFilterChain.doFilter(FilterChainProxy.java:330)\r\n	at org.springframework.security.web.authentication.AbstractAuthenticationProcessingFilter.doFilter(AbstractAuthenticationProcessingFilter.java:205)\r\n	at org.springframework.security.web.FilterChainProxy$VirtualFilterChain.doFilter(FilterChainProxy.java:330)\r\n	at org.springframework.security.web.authentication.logout.LogoutFilter.doFilter(LogoutFilter.java:120)\r\n	at org.springframework.security.web.FilterChainProxy$VirtualFilterChain.doFilter(FilterChainProxy.java:330)\r\n	at org.springframework.security.web.header.HeaderWriterFilter.doFilterInternal(HeaderWriterFilter.java:64)\r\n	at org.springframework.web.filter.OncePerRequestFilter.doFilter(OncePerRequestFilter.java:107)\r\n	at org.springframework.security.web.FilterChainProxy$VirtualFilterChain.doFilter(FilterChainProxy.java:330)\r\n	at org.springframework.security.web.context.SecurityContextPersistenceFilter.doFilter(SecurityContextPersistenceFilter.java:91)\r\n	at org.springframework.security.web.FilterChainProxy$VirtualFilterChain.doFilter(FilterChainProxy.java:330)\r\n	at org.springframework.security.web.context.request.async.WebAsyncManagerIntegrationFilter.doFilterInternal(WebAsyncManagerIntegrationFilter.java:53)\r\n	at org.springframework.web.filter.OncePerRequestFilter.doFilter(OncePerRequestFilter.java:107)\r\n	at org.springframework.security.web.FilterChainProxy$VirtualFilterChain.doFilter(FilterChainProxy.java:330)\r\n	at org.springframework.security.web.FilterChainProxy.doFilterInternal(FilterChainProxy.java:213)\r\n	at org.springframework.security.web.FilterChainProxy.doFilter(FilterChainProxy.java:176)\r\n	at org.springframework.web.filter.DelegatingFilterProxy.invokeDelegate(DelegatingFilterProxy.java:346)\r\n	at org.springframework.web.filter.DelegatingFilterProxy.doFilter(DelegatingFilterProxy.java:262)\r\n	at org.apache.catalina.core.ApplicationFilterChain.internalDoFilter(ApplicationFilterChain.java:243)\r\n	at org.apache.catalina.core.ApplicationFilterChain.doFilter(ApplicationFilterChain.java:210)\r\n	at org.apache.catalina.core.StandardWrapperValve.invoke(StandardWrapperValve.java:222)\r\n	at org.apache.catalina.core.StandardContextValve.invoke(StandardContextValve.java:123)\r\n	at org.apache.catalina.authenticator.AuthenticatorBase.invoke(AuthenticatorBase.java:502)\r\n	at org.apache.catalina.core.StandardHostValve.invoke(StandardHostValve.java:171)\r\n	at org.apache.catalina.valves.ErrorReportValve.invoke(ErrorReportValve.java:100)\r\n	at org.apache.catalina.valves.AccessLogValve.invoke(AccessLogValve.java:953)\r\n	at org.apache.catalina.core.StandardEngineValve.invoke(StandardEngineValve.java:118)\r\n	at org.apache.catalina.connector.CoyoteAdapter.service(CoyoteAdapter.java:408)\r\n	at org.apache.coyote.http11.AbstractHttp11Processor.process(AbstractHttp11Processor.java:1041)\r\n	at org.apache.coyote.AbstractProtocol$AbstractConnectionHandler.process(AbstractProtocol.java:603)\r\n	at org.apache.tomcat.util.net.JIoEndpoint$SocketProcessor.run(JIoEndpoint.java:312)\r\n	at java.util.concurrent.ThreadPoolExecutor.runWorker(ThreadPoolExecutor.java:1142)\r\n	at java.util.concurrent.ThreadPoolExecutor$Worker.run(ThreadPoolExecutor.java:617)\r\n	at java.lang.Thread.run(Thread.java:745)\r\n','2016-05-23 00:34:51'),(00000000000000000010,'No entity found for query','javax.persistence.NoResultException','javax.persistence.NoResultException: No entity found for query\r\n	at org.hibernate.jpa.internal.QueryImpl.getSingleResult(QueryImpl.java:498)\r\n	at com.proeza.sgs.system.dao.PageDao.findByGroupAndName(PageDao.java:29)\r\n	at com.proeza.sgs.web.menu.ViewMenuManager.getMenus(ViewMenuManager.java:38)\r\n	at sun.reflect.NativeMethodAccessorImpl.invoke0(Native Method)\r\n	at sun.reflect.NativeMethodAccessorImpl.invoke(NativeMethodAccessorImpl.java:62)\r\n	at sun.reflect.DelegatingMethodAccessorImpl.invoke(DelegatingMethodAccessorImpl.java:43)\r\n	at java.lang.reflect.Method.invoke(Method.java:497)\r\n	at org.springframework.aop.support.AopUtils.invokeJoinpointUsingReflection(AopUtils.java:302)\r\n	at org.springframework.aop.framework.ReflectiveMethodInvocation.invokeJoinpoint(ReflectiveMethodInvocation.java:190)\r\n	at org.springframework.aop.framework.ReflectiveMethodInvocation.proceed(ReflectiveMethodInvocation.java:157)\r\n	at org.springframework.transaction.interceptor.TransactionInterceptor$1.proceedWithInvocation(TransactionInterceptor.java:99)\r\n	at org.springframework.transaction.interceptor.TransactionAspectSupport.invokeWithinTransaction(TransactionAspectSupport.java:281)\r\n	at org.springframework.transaction.interceptor.TransactionInterceptor.invoke(TransactionInterceptor.java:96)\r\n	at org.springframework.aop.framework.ReflectiveMethodInvocation.proceed(ReflectiveMethodInvocation.java:179)\r\n	at org.springframework.aop.framework.JdkDynamicAopProxy.invoke(JdkDynamicAopProxy.java:207)\r\n	at com.sun.proxy.$Proxy113.getMenus(Unknown Source)\r\n	at com.proeza.sgs.web.controller.ArticuloController.home(ArticuloController.java:55)\r\n	at sun.reflect.NativeMethodAccessorImpl.invoke0(Native Method)\r\n	at sun.reflect.NativeMethodAccessorImpl.invoke(NativeMethodAccessorImpl.java:62)\r\n	at sun.reflect.DelegatingMethodAccessorImpl.invoke(DelegatingMethodAccessorImpl.java:43)\r\n	at java.lang.reflect.Method.invoke(Method.java:497)\r\n	at org.springframework.web.method.support.InvocableHandlerMethod.doInvoke(InvocableHandlerMethod.java:221)\r\n	at org.springframework.web.method.support.InvocableHandlerMethod.invokeForRequest(InvocableHandlerMethod.java:137)\r\n	at org.springframework.web.servlet.mvc.method.annotation.ServletInvocableHandlerMethod.invokeAndHandle(ServletInvocableHandlerMethod.java:111)\r\n	at org.springframework.web.servlet.mvc.method.annotation.RequestMappingHandlerAdapter.invokeHandlerMethod(RequestMappingHandlerAdapter.java:806)\r\n	at org.springframework.web.servlet.mvc.method.annotation.RequestMappingHandlerAdapter.handleInternal(RequestMappingHandlerAdapter.java:729)\r\n	at org.springframework.web.servlet.mvc.method.AbstractHandlerMethodAdapter.handle(AbstractHandlerMethodAdapter.java:85)\r\n	at org.springframework.web.servlet.DispatcherServlet.doDispatch(DispatcherServlet.java:959)\r\n	at org.springframework.web.servlet.DispatcherServlet.doService(DispatcherServlet.java:893)\r\n	at org.springframework.web.servlet.FrameworkServlet.processRequest(FrameworkServlet.java:970)\r\n	at org.springframework.web.servlet.FrameworkServlet.doGet(FrameworkServlet.java:861)\r\n	at javax.servlet.http.HttpServlet.service(HttpServlet.java:621)\r\n	at org.springframework.web.servlet.FrameworkServlet.service(FrameworkServlet.java:846)\r\n	at javax.servlet.http.HttpServlet.service(HttpServlet.java:728)\r\n	at org.apache.catalina.core.ApplicationFilterChain.internalDoFilter(ApplicationFilterChain.java:305)\r\n	at org.apache.catalina.core.ApplicationFilterChain.doFilter(ApplicationFilterChain.java:210)\r\n	at org.springframework.web.filter.CharacterEncodingFilter.doFilterInternal(CharacterEncodingFilter.java:85)\r\n	at org.springframework.web.filter.OncePerRequestFilter.doFilter(OncePerRequestFilter.java:107)\r\n	at org.apache.catalina.core.ApplicationFilterChain.internalDoFilter(ApplicationFilterChain.java:243)\r\n	at org.apache.catalina.core.ApplicationFilterChain.doFilter(ApplicationFilterChain.java:210)\r\n	at org.apache.tomcat.websocket.server.WsFilter.doFilter(WsFilter.java:51)\r\n	at org.apache.catalina.core.ApplicationFilterChain.internalDoFilter(ApplicationFilterChain.java:243)\r\n	at org.apache.catalina.core.ApplicationFilterChain.doFilter(ApplicationFilterChain.java:210)\r\n	at org.springframework.security.web.FilterChainProxy$VirtualFilterChain.doFilter(FilterChainProxy.java:316)\r\n	at org.springframework.security.web.access.intercept.FilterSecurityInterceptor.invoke(FilterSecurityInterceptor.java:126)\r\n	at org.springframework.security.web.access.intercept.FilterSecurityInterceptor.doFilter(FilterSecurityInterceptor.java:90)\r\n	at org.springframework.security.web.FilterChainProxy$VirtualFilterChain.doFilter(FilterChainProxy.java:330)\r\n	at org.springframework.security.web.access.ExceptionTranslationFilter.doFilter(ExceptionTranslationFilter.java:114)\r\n	at org.springframework.security.web.FilterChainProxy$VirtualFilterChain.doFilter(FilterChainProxy.java:330)\r\n	at org.springframework.security.web.session.SessionManagementFilter.doFilter(SessionManagementFilter.java:122)\r\n	at org.springframework.security.web.FilterChainProxy$VirtualFilterChain.doFilter(FilterChainProxy.java:330)\r\n	at org.springframework.security.web.authentication.AnonymousAuthenticationFilter.doFilter(AnonymousAuthenticationFilter.java:111)\r\n	at org.springframework.security.web.FilterChainProxy$VirtualFilterChain.doFilter(FilterChainProxy.java:330)\r\n	at org.springframework.security.web.servletapi.SecurityContextHolderAwareRequestFilter.doFilter(SecurityContextHolderAwareRequestFilter.java:169)\r\n	at org.springframework.security.web.FilterChainProxy$VirtualFilterChain.doFilter(FilterChainProxy.java:330)\r\n	at org.springframework.security.web.savedrequest.RequestCacheAwareFilter.doFilter(RequestCacheAwareFilter.java:48)\r\n	at org.springframework.security.web.FilterChainProxy$VirtualFilterChain.doFilter(FilterChainProxy.java:330)\r\n	at org.springframework.security.web.authentication.AbstractAuthenticationProcessingFilter.doFilter(AbstractAuthenticationProcessingFilter.java:205)\r\n	at org.springframework.security.web.FilterChainProxy$VirtualFilterChain.doFilter(FilterChainProxy.java:330)\r\n	at org.springframework.security.web.authentication.logout.LogoutFilter.doFilter(LogoutFilter.java:120)\r\n	at org.springframework.security.web.FilterChainProxy$VirtualFilterChain.doFilter(FilterChainProxy.java:330)\r\n	at org.springframework.security.web.header.HeaderWriterFilter.doFilterInternal(HeaderWriterFilter.java:64)\r\n	at org.springframework.web.filter.OncePerRequestFilter.doFilter(OncePerRequestFilter.java:107)\r\n	at org.springframework.security.web.FilterChainProxy$VirtualFilterChain.doFilter(FilterChainProxy.java:330)\r\n	at org.springframework.security.web.context.SecurityContextPersistenceFilter.doFilter(SecurityContextPersistenceFilter.java:91)\r\n	at org.springframework.security.web.FilterChainProxy$VirtualFilterChain.doFilter(FilterChainProxy.java:330)\r\n	at org.springframework.security.web.context.request.async.WebAsyncManagerIntegrationFilter.doFilterInternal(WebAsyncManagerIntegrationFilter.java:53)\r\n	at org.springframework.web.filter.OncePerRequestFilter.doFilter(OncePerRequestFilter.java:107)\r\n	at org.springframework.security.web.FilterChainProxy$VirtualFilterChain.doFilter(FilterChainProxy.java:330)\r\n	at org.springframework.security.web.FilterChainProxy.doFilterInternal(FilterChainProxy.java:213)\r\n	at org.springframework.security.web.FilterChainProxy.doFilter(FilterChainProxy.java:176)\r\n	at org.springframework.web.filter.DelegatingFilterProxy.invokeDelegate(DelegatingFilterProxy.java:346)\r\n	at org.springframework.web.filter.DelegatingFilterProxy.doFilter(DelegatingFilterProxy.java:262)\r\n	at org.apache.catalina.core.ApplicationFilterChain.internalDoFilter(ApplicationFilterChain.java:243)\r\n	at org.apache.catalina.core.ApplicationFilterChain.doFilter(ApplicationFilterChain.java:210)\r\n	at org.apache.catalina.core.StandardWrapperValve.invoke(StandardWrapperValve.java:222)\r\n	at org.apache.catalina.core.StandardContextValve.invoke(StandardContextValve.java:123)\r\n	at org.apache.catalina.authenticator.AuthenticatorBase.invoke(AuthenticatorBase.java:502)\r\n	at org.apache.catalina.core.StandardHostValve.invoke(StandardHostValve.java:171)\r\n	at org.apache.catalina.valves.ErrorReportValve.invoke(ErrorReportValve.java:100)\r\n	at org.apache.catalina.valves.AccessLogValve.invoke(AccessLogValve.java:953)\r\n	at org.apache.catalina.core.StandardEngineValve.invoke(StandardEngineValve.java:118)\r\n	at org.apache.catalina.connector.CoyoteAdapter.service(CoyoteAdapter.java:408)\r\n	at org.apache.coyote.http11.AbstractHttp11Processor.process(AbstractHttp11Processor.java:1041)\r\n	at org.apache.coyote.AbstractProtocol$AbstractConnectionHandler.process(AbstractProtocol.java:603)\r\n	at org.apache.tomcat.util.net.JIoEndpoint$SocketProcessor.run(JIoEndpoint.java:312)\r\n	at java.util.concurrent.ThreadPoolExecutor.runWorker(ThreadPoolExecutor.java:1142)\r\n	at java.util.concurrent.ThreadPoolExecutor$Worker.run(ThreadPoolExecutor.java:617)\r\n	at java.lang.Thread.run(Thread.java:745)\r\n','2016-05-23 00:43:24'),(00000000000000000011,'No entity found for query','javax.persistence.NoResultException','javax.persistence.NoResultException: No entity found for query\r\n	at org.hibernate.jpa.internal.QueryImpl.getSingleResult(QueryImpl.java:498)\r\n	at com.proeza.sgs.system.dao.PageDao.findByGroupAndName(PageDao.java:29)\r\n	at com.proeza.sgs.web.menu.ViewMenuManager.getMenus(ViewMenuManager.java:38)\r\n	at sun.reflect.NativeMethodAccessorImpl.invoke0(Native Method)\r\n	at sun.reflect.NativeMethodAccessorImpl.invoke(NativeMethodAccessorImpl.java:62)\r\n	at sun.reflect.DelegatingMethodAccessorImpl.invoke(DelegatingMethodAccessorImpl.java:43)\r\n	at java.lang.reflect.Method.invoke(Method.java:497)\r\n	at org.springframework.aop.support.AopUtils.invokeJoinpointUsingReflection(AopUtils.java:302)\r\n	at org.springframework.aop.framework.ReflectiveMethodInvocation.invokeJoinpoint(ReflectiveMethodInvocation.java:190)\r\n	at org.springframework.aop.framework.ReflectiveMethodInvocation.proceed(ReflectiveMethodInvocation.java:157)\r\n	at org.springframework.transaction.interceptor.TransactionInterceptor$1.proceedWithInvocation(TransactionInterceptor.java:99)\r\n	at org.springframework.transaction.interceptor.TransactionAspectSupport.invokeWithinTransaction(TransactionAspectSupport.java:281)\r\n	at org.springframework.transaction.interceptor.TransactionInterceptor.invoke(TransactionInterceptor.java:96)\r\n	at org.springframework.aop.framework.ReflectiveMethodInvocation.proceed(ReflectiveMethodInvocation.java:179)\r\n	at org.springframework.aop.framework.JdkDynamicAopProxy.invoke(JdkDynamicAopProxy.java:207)\r\n	at com.sun.proxy.$Proxy113.getMenus(Unknown Source)\r\n	at com.proeza.sgs.web.controller.ArticuloController.home(ArticuloController.java:55)\r\n	at sun.reflect.NativeMethodAccessorImpl.invoke0(Native Method)\r\n	at sun.reflect.NativeMethodAccessorImpl.invoke(NativeMethodAccessorImpl.java:62)\r\n	at sun.reflect.DelegatingMethodAccessorImpl.invoke(DelegatingMethodAccessorImpl.java:43)\r\n	at java.lang.reflect.Method.invoke(Method.java:497)\r\n	at org.springframework.web.method.support.InvocableHandlerMethod.doInvoke(InvocableHandlerMethod.java:221)\r\n	at org.springframework.web.method.support.InvocableHandlerMethod.invokeForRequest(InvocableHandlerMethod.java:137)\r\n	at org.springframework.web.servlet.mvc.method.annotation.ServletInvocableHandlerMethod.invokeAndHandle(ServletInvocableHandlerMethod.java:111)\r\n	at org.springframework.web.servlet.mvc.method.annotation.RequestMappingHandlerAdapter.invokeHandlerMethod(RequestMappingHandlerAdapter.java:806)\r\n	at org.springframework.web.servlet.mvc.method.annotation.RequestMappingHandlerAdapter.handleInternal(RequestMappingHandlerAdapter.java:729)\r\n	at org.springframework.web.servlet.mvc.method.AbstractHandlerMethodAdapter.handle(AbstractHandlerMethodAdapter.java:85)\r\n	at org.springframework.web.servlet.DispatcherServlet.doDispatch(DispatcherServlet.java:959)\r\n	at org.springframework.web.servlet.DispatcherServlet.doService(DispatcherServlet.java:893)\r\n	at org.springframework.web.servlet.FrameworkServlet.processRequest(FrameworkServlet.java:970)\r\n	at org.springframework.web.servlet.FrameworkServlet.doGet(FrameworkServlet.java:861)\r\n	at javax.servlet.http.HttpServlet.service(HttpServlet.java:621)\r\n	at org.springframework.web.servlet.FrameworkServlet.service(FrameworkServlet.java:846)\r\n	at javax.servlet.http.HttpServlet.service(HttpServlet.java:728)\r\n	at org.apache.catalina.core.ApplicationFilterChain.internalDoFilter(ApplicationFilterChain.java:305)\r\n	at org.apache.catalina.core.ApplicationFilterChain.doFilter(ApplicationFilterChain.java:210)\r\n	at org.springframework.web.filter.CharacterEncodingFilter.doFilterInternal(CharacterEncodingFilter.java:85)\r\n	at org.springframework.web.filter.OncePerRequestFilter.doFilter(OncePerRequestFilter.java:107)\r\n	at org.apache.catalina.core.ApplicationFilterChain.internalDoFilter(ApplicationFilterChain.java:243)\r\n	at org.apache.catalina.core.ApplicationFilterChain.doFilter(ApplicationFilterChain.java:210)\r\n	at org.apache.tomcat.websocket.server.WsFilter.doFilter(WsFilter.java:51)\r\n	at org.apache.catalina.core.ApplicationFilterChain.internalDoFilter(ApplicationFilterChain.java:243)\r\n	at org.apache.catalina.core.ApplicationFilterChain.doFilter(ApplicationFilterChain.java:210)\r\n	at org.springframework.security.web.FilterChainProxy$VirtualFilterChain.doFilter(FilterChainProxy.java:316)\r\n	at org.springframework.security.web.access.intercept.FilterSecurityInterceptor.invoke(FilterSecurityInterceptor.java:126)\r\n	at org.springframework.security.web.access.intercept.FilterSecurityInterceptor.doFilter(FilterSecurityInterceptor.java:90)\r\n	at org.springframework.security.web.FilterChainProxy$VirtualFilterChain.doFilter(FilterChainProxy.java:330)\r\n	at org.springframework.security.web.access.ExceptionTranslationFilter.doFilter(ExceptionTranslationFilter.java:114)\r\n	at org.springframework.security.web.FilterChainProxy$VirtualFilterChain.doFilter(FilterChainProxy.java:330)\r\n	at org.springframework.security.web.session.SessionManagementFilter.doFilter(SessionManagementFilter.java:122)\r\n	at org.springframework.security.web.FilterChainProxy$VirtualFilterChain.doFilter(FilterChainProxy.java:330)\r\n	at org.springframework.security.web.authentication.AnonymousAuthenticationFilter.doFilter(AnonymousAuthenticationFilter.java:111)\r\n	at org.springframework.security.web.FilterChainProxy$VirtualFilterChain.doFilter(FilterChainProxy.java:330)\r\n	at org.springframework.security.web.servletapi.SecurityContextHolderAwareRequestFilter.doFilter(SecurityContextHolderAwareRequestFilter.java:169)\r\n	at org.springframework.security.web.FilterChainProxy$VirtualFilterChain.doFilter(FilterChainProxy.java:330)\r\n	at org.springframework.security.web.savedrequest.RequestCacheAwareFilter.doFilter(RequestCacheAwareFilter.java:48)\r\n	at org.springframework.security.web.FilterChainProxy$VirtualFilterChain.doFilter(FilterChainProxy.java:330)\r\n	at org.springframework.security.web.authentication.AbstractAuthenticationProcessingFilter.doFilter(AbstractAuthenticationProcessingFilter.java:205)\r\n	at org.springframework.security.web.FilterChainProxy$VirtualFilterChain.doFilter(FilterChainProxy.java:330)\r\n	at org.springframework.security.web.authentication.logout.LogoutFilter.doFilter(LogoutFilter.java:120)\r\n	at org.springframework.security.web.FilterChainProxy$VirtualFilterChain.doFilter(FilterChainProxy.java:330)\r\n	at org.springframework.security.web.header.HeaderWriterFilter.doFilterInternal(HeaderWriterFilter.java:64)\r\n	at org.springframework.web.filter.OncePerRequestFilter.doFilter(OncePerRequestFilter.java:107)\r\n	at org.springframework.security.web.FilterChainProxy$VirtualFilterChain.doFilter(FilterChainProxy.java:330)\r\n	at org.springframework.security.web.context.SecurityContextPersistenceFilter.doFilter(SecurityContextPersistenceFilter.java:91)\r\n	at org.springframework.security.web.FilterChainProxy$VirtualFilterChain.doFilter(FilterChainProxy.java:330)\r\n	at org.springframework.security.web.context.request.async.WebAsyncManagerIntegrationFilter.doFilterInternal(WebAsyncManagerIntegrationFilter.java:53)\r\n	at org.springframework.web.filter.OncePerRequestFilter.doFilter(OncePerRequestFilter.java:107)\r\n	at org.springframework.security.web.FilterChainProxy$VirtualFilterChain.doFilter(FilterChainProxy.java:330)\r\n	at org.springframework.security.web.FilterChainProxy.doFilterInternal(FilterChainProxy.java:213)\r\n	at org.springframework.security.web.FilterChainProxy.doFilter(FilterChainProxy.java:176)\r\n	at org.springframework.web.filter.DelegatingFilterProxy.invokeDelegate(DelegatingFilterProxy.java:346)\r\n	at org.springframework.web.filter.DelegatingFilterProxy.doFilter(DelegatingFilterProxy.java:262)\r\n	at org.apache.catalina.core.ApplicationFilterChain.internalDoFilter(ApplicationFilterChain.java:243)\r\n	at org.apache.catalina.core.ApplicationFilterChain.doFilter(ApplicationFilterChain.java:210)\r\n	at org.apache.catalina.core.StandardWrapperValve.invoke(StandardWrapperValve.java:222)\r\n	at org.apache.catalina.core.StandardContextValve.invoke(StandardContextValve.java:123)\r\n	at org.apache.catalina.authenticator.AuthenticatorBase.invoke(AuthenticatorBase.java:502)\r\n	at org.apache.catalina.core.StandardHostValve.invoke(StandardHostValve.java:171)\r\n	at org.apache.catalina.valves.ErrorReportValve.invoke(ErrorReportValve.java:100)\r\n	at org.apache.catalina.valves.AccessLogValve.invoke(AccessLogValve.java:953)\r\n	at org.apache.catalina.core.StandardEngineValve.invoke(StandardEngineValve.java:118)\r\n	at org.apache.catalina.connector.CoyoteAdapter.service(CoyoteAdapter.java:408)\r\n	at org.apache.coyote.http11.AbstractHttp11Processor.process(AbstractHttp11Processor.java:1041)\r\n	at org.apache.coyote.AbstractProtocol$AbstractConnectionHandler.process(AbstractProtocol.java:603)\r\n	at org.apache.tomcat.util.net.JIoEndpoint$SocketProcessor.run(JIoEndpoint.java:312)\r\n	at java.util.concurrent.ThreadPoolExecutor.runWorker(ThreadPoolExecutor.java:1142)\r\n	at java.util.concurrent.ThreadPoolExecutor$Worker.run(ThreadPoolExecutor.java:617)\r\n	at java.lang.Thread.run(Thread.java:745)\r\n','2016-05-23 00:47:43'),(00000000000000000012,'No entity found for query','javax.persistence.NoResultException','javax.persistence.NoResultException: No entity found for query\r\n	at org.hibernate.jpa.internal.QueryImpl.getSingleResult(QueryImpl.java:498)\r\n	at org.hibernate.jpa.criteria.compile.CriteriaQueryTypeQueryAdapter.getSingleResult(CriteriaQueryTypeQueryAdapter.java:71)\r\n	at com.proeza.sgs.business.dao.impl.TipoDao.findByCode(TipoDao.java:23)\r\n	at com.proeza.sgs.business.service.impl.ArticuloService.update(ArticuloService.java:111)\r\n	at sun.reflect.NativeMethodAccessorImpl.invoke0(Native Method)\r\n	at sun.reflect.NativeMethodAccessorImpl.invoke(NativeMethodAccessorImpl.java:62)\r\n	at sun.reflect.DelegatingMethodAccessorImpl.invoke(DelegatingMethodAccessorImpl.java:43)\r\n	at java.lang.reflect.Method.invoke(Method.java:497)\r\n	at org.springframework.aop.support.AopUtils.invokeJoinpointUsingReflection(AopUtils.java:302)\r\n	at org.springframework.aop.framework.ReflectiveMethodInvocation.invokeJoinpoint(ReflectiveMethodInvocation.java:190)\r\n	at org.springframework.aop.framework.ReflectiveMethodInvocation.proceed(ReflectiveMethodInvocation.java:157)\r\n	at org.springframework.transaction.interceptor.TransactionInterceptor$1.proceedWithInvocation(TransactionInterceptor.java:99)\r\n	at org.springframework.transaction.interceptor.TransactionAspectSupport.invokeWithinTransaction(TransactionAspectSupport.java:281)\r\n	at org.springframework.transaction.interceptor.TransactionInterceptor.invoke(TransactionInterceptor.java:96)\r\n	at org.springframework.aop.framework.ReflectiveMethodInvocation.proceed(ReflectiveMethodInvocation.java:179)\r\n	at org.springframework.aop.framework.JdkDynamicAopProxy.invoke(JdkDynamicAopProxy.java:208)\r\n	at com.sun.proxy.$Proxy98.update(Unknown Source)\r\n	at com.proeza.sgs.web.rest.ArticulosRestController.update(ArticulosRestController.java:100)\r\n	at sun.reflect.NativeMethodAccessorImpl.invoke0(Native Method)\r\n	at sun.reflect.NativeMethodAccessorImpl.invoke(NativeMethodAccessorImpl.java:62)\r\n	at sun.reflect.DelegatingMethodAccessorImpl.invoke(DelegatingMethodAccessorImpl.java:43)\r\n	at java.lang.reflect.Method.invoke(Method.java:497)\r\n	at org.springframework.web.method.support.InvocableHandlerMethod.doInvoke(InvocableHandlerMethod.java:221)\r\n	at org.springframework.web.method.support.InvocableHandlerMethod.invokeForRequest(InvocableHandlerMethod.java:136)\r\n	at org.springframework.web.servlet.mvc.method.annotation.ServletInvocableHandlerMethod.invokeAndHandle(ServletInvocableHandlerMethod.java:110)\r\n	at org.springframework.web.servlet.mvc.method.annotation.RequestMappingHandlerAdapter.invokeHandlerMethod(RequestMappingHandlerAdapter.java:832)\r\n	at org.springframework.web.servlet.mvc.method.annotation.RequestMappingHandlerAdapter.handleInternal(RequestMappingHandlerAdapter.java:743)\r\n	at org.springframework.web.servlet.mvc.method.AbstractHandlerMethodAdapter.handle(AbstractHandlerMethodAdapter.java:85)\r\n	at org.springframework.web.servlet.DispatcherServlet.doDispatch(DispatcherServlet.java:961)\r\n	at org.springframework.web.servlet.DispatcherServlet.doService(DispatcherServlet.java:895)\r\n	at org.springframework.web.servlet.FrameworkServlet.processRequest(FrameworkServlet.java:967)\r\n	at org.springframework.web.servlet.FrameworkServlet.doPost(FrameworkServlet.java:869)\r\n	at javax.servlet.http.HttpServlet.service(HttpServlet.java:647)\r\n	at org.springframework.web.servlet.FrameworkServlet.service(FrameworkServlet.java:843)\r\n	at javax.servlet.http.HttpServlet.service(HttpServlet.java:728)\r\n	at org.apache.catalina.core.ApplicationFilterChain.internalDoFilter(ApplicationFilterChain.java:305)\r\n	at org.apache.catalina.core.ApplicationFilterChain.doFilter(ApplicationFilterChain.java:210)\r\n	at org.springframework.web.filter.CharacterEncodingFilter.doFilterInternal(CharacterEncodingFilter.java:121)\r\n	at org.springframework.web.filter.OncePerRequestFilter.doFilter(OncePerRequestFilter.java:107)\r\n	at org.apache.catalina.core.ApplicationFilterChain.internalDoFilter(ApplicationFilterChain.java:243)\r\n	at org.apache.catalina.core.ApplicationFilterChain.doFilter(ApplicationFilterChain.java:210)\r\n	at org.apache.tomcat.websocket.server.WsFilter.doFilter(WsFilter.java:51)\r\n	at org.apache.catalina.core.ApplicationFilterChain.internalDoFilter(ApplicationFilterChain.java:243)\r\n	at org.apache.catalina.core.ApplicationFilterChain.doFilter(ApplicationFilterChain.java:210)\r\n	at org.springframework.security.web.FilterChainProxy$VirtualFilterChain.doFilter(FilterChainProxy.java:317)\r\n	at org.springframework.security.web.access.intercept.FilterSecurityInterceptor.invoke(FilterSecurityInterceptor.java:127)\r\n	at org.springframework.security.web.access.intercept.FilterSecurityInterceptor.doFilter(FilterSecurityInterceptor.java:91)\r\n	at org.springframework.security.web.FilterChainProxy$VirtualFilterChain.doFilter(FilterChainProxy.java:331)\r\n	at org.springframework.security.web.access.ExceptionTranslationFilter.doFilter(ExceptionTranslationFilter.java:115)\r\n	at org.springframework.security.web.FilterChainProxy$VirtualFilterChain.doFilter(FilterChainProxy.java:331)\r\n	at org.springframework.security.web.session.SessionManagementFilter.doFilter(SessionManagementFilter.java:137)\r\n	at org.springframework.security.web.FilterChainProxy$VirtualFilterChain.doFilter(FilterChainProxy.java:331)\r\n	at org.springframework.security.web.authentication.AnonymousAuthenticationFilter.doFilter(AnonymousAuthenticationFilter.java:112)\r\n	at org.springframework.security.web.FilterChainProxy$VirtualFilterChain.doFilter(FilterChainProxy.java:331)\r\n	at org.springframework.security.web.authentication.rememberme.RememberMeAuthenticationFilter.doFilter(RememberMeAuthenticationFilter.java:158)\r\n	at org.springframework.security.web.FilterChainProxy$VirtualFilterChain.doFilter(FilterChainProxy.java:331)\r\n	at org.springframework.security.web.servletapi.SecurityContextHolderAwareRequestFilter.doFilter(SecurityContextHolderAwareRequestFilter.java:169)\r\n	at org.springframework.security.web.FilterChainProxy$VirtualFilterChain.doFilter(FilterChainProxy.java:331)\r\n	at org.springframework.security.web.savedrequest.RequestCacheAwareFilter.doFilter(RequestCacheAwareFilter.java:63)\r\n	at org.springframework.security.web.FilterChainProxy$VirtualFilterChain.doFilter(FilterChainProxy.java:331)\r\n	at org.springframework.security.web.session.ConcurrentSessionFilter.doFilter(ConcurrentSessionFilter.java:134)\r\n	at org.springframework.security.web.FilterChainProxy$VirtualFilterChain.doFilter(FilterChainProxy.java:331)\r\n	at org.springframework.security.web.authentication.AbstractAuthenticationProcessingFilter.doFilter(AbstractAuthenticationProcessingFilter.java:206)\r\n	at org.springframework.security.web.FilterChainProxy$VirtualFilterChain.doFilter(FilterChainProxy.java:331)\r\n	at org.springframework.security.web.authentication.logout.LogoutFilter.doFilter(LogoutFilter.java:121)\r\n	at org.springframework.security.web.FilterChainProxy$VirtualFilterChain.doFilter(FilterChainProxy.java:331)\r\n	at org.springframework.security.web.header.HeaderWriterFilter.doFilterInternal(HeaderWriterFilter.java:66)\r\n	at org.springframework.web.filter.OncePerRequestFilter.doFilter(OncePerRequestFilter.java:107)\r\n	at org.springframework.security.web.FilterChainProxy$VirtualFilterChain.doFilter(FilterChainProxy.java:331)\r\n	at org.springframework.security.web.context.SecurityContextPersistenceFilter.doFilter(SecurityContextPersistenceFilter.java:106)\r\n	at org.springframework.security.web.FilterChainProxy$VirtualFilterChain.doFilter(FilterChainProxy.java:331)\r\n	at org.springframework.security.web.context.request.async.WebAsyncManagerIntegrationFilter.doFilterInternal(WebAsyncManagerIntegrationFilter.java:56)\r\n	at org.springframework.web.filter.OncePerRequestFilter.doFilter(OncePerRequestFilter.java:107)\r\n	at org.springframework.security.web.FilterChainProxy$VirtualFilterChain.doFilter(FilterChainProxy.java:331)\r\n	at org.springframework.security.web.FilterChainProxy.doFilterInternal(FilterChainProxy.java:214)\r\n	at org.springframework.security.web.FilterChainProxy.doFilter(FilterChainProxy.java:177)\r\n	at org.springframework.web.filter.DelegatingFilterProxy.invokeDelegate(DelegatingFilterProxy.java:346)\r\n	at org.springframework.web.filter.DelegatingFilterProxy.doFilter(DelegatingFilterProxy.java:262)\r\n	at org.apache.catalina.core.ApplicationFilterChain.internalDoFilter(ApplicationFilterChain.java:243)\r\n	at org.apache.catalina.core.ApplicationFilterChain.doFilter(ApplicationFilterChain.java:210)\r\n	at org.apache.catalina.core.StandardWrapperValve.invoke(StandardWrapperValve.java:222)\r\n	at org.apache.catalina.core.StandardContextValve.invoke(StandardContextValve.java:123)\r\n	at org.apache.catalina.authenticator.AuthenticatorBase.invoke(AuthenticatorBase.java:502)\r\n	at org.apache.catalina.core.StandardHostValve.invoke(StandardHostValve.java:171)\r\n	at org.apache.catalina.valves.ErrorReportValve.invoke(ErrorReportValve.java:100)\r\n	at org.apache.catalina.valves.AccessLogValve.invoke(AccessLogValve.java:953)\r\n	at org.apache.catalina.core.StandardEngineValve.invoke(StandardEngineValve.java:118)\r\n	at org.apache.catalina.connector.CoyoteAdapter.service(CoyoteAdapter.java:408)\r\n	at org.apache.coyote.http11.AbstractHttp11Processor.process(AbstractHttp11Processor.java:1041)\r\n	at org.apache.coyote.AbstractProtocol$AbstractConnectionHandler.process(AbstractProtocol.java:603)\r\n	at org.apache.tomcat.util.net.JIoEndpoint$SocketProcessor.run(JIoEndpoint.java:312)\r\n	at java.util.concurrent.ThreadPoolExecutor.runWorker(ThreadPoolExecutor.java:1142)\r\n	at java.util.concurrent.ThreadPoolExecutor$Worker.run(ThreadPoolExecutor.java:617)\r\n	at java.lang.Thread.run(Thread.java:745)\r\n','2016-05-30 14:36:23'),(00000000000000000013,'No entity found for query','javax.persistence.NoResultException','javax.persistence.NoResultException: No entity found for query\r\n	at org.hibernate.jpa.internal.QueryImpl.getSingleResult(QueryImpl.java:498)\r\n	at org.hibernate.jpa.criteria.compile.CriteriaQueryTypeQueryAdapter.getSingleResult(CriteriaQueryTypeQueryAdapter.java:71)\r\n	at com.proeza.sgs.business.dao.impl.TipoDao.findByCode(TipoDao.java:23)\r\n	at com.proeza.sgs.business.service.impl.ArticuloService.update(ArticuloService.java:111)\r\n	at sun.reflect.NativeMethodAccessorImpl.invoke0(Native Method)\r\n	at sun.reflect.NativeMethodAccessorImpl.invoke(NativeMethodAccessorImpl.java:62)\r\n	at sun.reflect.DelegatingMethodAccessorImpl.invoke(DelegatingMethodAccessorImpl.java:43)\r\n	at java.lang.reflect.Method.invoke(Method.java:497)\r\n	at org.springframework.aop.support.AopUtils.invokeJoinpointUsingReflection(AopUtils.java:302)\r\n	at org.springframework.aop.framework.ReflectiveMethodInvocation.invokeJoinpoint(ReflectiveMethodInvocation.java:190)\r\n	at org.springframework.aop.framework.ReflectiveMethodInvocation.proceed(ReflectiveMethodInvocation.java:157)\r\n	at org.springframework.transaction.interceptor.TransactionInterceptor$1.proceedWithInvocation(TransactionInterceptor.java:99)\r\n	at org.springframework.transaction.interceptor.TransactionAspectSupport.invokeWithinTransaction(TransactionAspectSupport.java:281)\r\n	at org.springframework.transaction.interceptor.TransactionInterceptor.invoke(TransactionInterceptor.java:96)\r\n	at org.springframework.aop.framework.ReflectiveMethodInvocation.proceed(ReflectiveMethodInvocation.java:179)\r\n	at org.springframework.aop.framework.JdkDynamicAopProxy.invoke(JdkDynamicAopProxy.java:208)\r\n	at com.sun.proxy.$Proxy98.update(Unknown Source)\r\n	at com.proeza.sgs.web.rest.ArticulosRestController.update(ArticulosRestController.java:100)\r\n	at sun.reflect.NativeMethodAccessorImpl.invoke0(Native Method)\r\n	at sun.reflect.NativeMethodAccessorImpl.invoke(NativeMethodAccessorImpl.java:62)\r\n	at sun.reflect.DelegatingMethodAccessorImpl.invoke(DelegatingMethodAccessorImpl.java:43)\r\n	at java.lang.reflect.Method.invoke(Method.java:497)\r\n	at org.springframework.web.method.support.InvocableHandlerMethod.doInvoke(InvocableHandlerMethod.java:221)\r\n	at org.springframework.web.method.support.InvocableHandlerMethod.invokeForRequest(InvocableHandlerMethod.java:136)\r\n	at org.springframework.web.servlet.mvc.method.annotation.ServletInvocableHandlerMethod.invokeAndHandle(ServletInvocableHandlerMethod.java:110)\r\n	at org.springframework.web.servlet.mvc.method.annotation.RequestMappingHandlerAdapter.invokeHandlerMethod(RequestMappingHandlerAdapter.java:832)\r\n	at org.springframework.web.servlet.mvc.method.annotation.RequestMappingHandlerAdapter.handleInternal(RequestMappingHandlerAdapter.java:743)\r\n	at org.springframework.web.servlet.mvc.method.AbstractHandlerMethodAdapter.handle(AbstractHandlerMethodAdapter.java:85)\r\n	at org.springframework.web.servlet.DispatcherServlet.doDispatch(DispatcherServlet.java:961)\r\n	at org.springframework.web.servlet.DispatcherServlet.doService(DispatcherServlet.java:895)\r\n	at org.springframework.web.servlet.FrameworkServlet.processRequest(FrameworkServlet.java:967)\r\n	at org.springframework.web.servlet.FrameworkServlet.doPost(FrameworkServlet.java:869)\r\n	at javax.servlet.http.HttpServlet.service(HttpServlet.java:647)\r\n	at org.springframework.web.servlet.FrameworkServlet.service(FrameworkServlet.java:843)\r\n	at javax.servlet.http.HttpServlet.service(HttpServlet.java:728)\r\n	at org.apache.catalina.core.ApplicationFilterChain.internalDoFilter(ApplicationFilterChain.java:305)\r\n	at org.apache.catalina.core.ApplicationFilterChain.doFilter(ApplicationFilterChain.java:210)\r\n	at org.springframework.web.filter.CharacterEncodingFilter.doFilterInternal(CharacterEncodingFilter.java:121)\r\n	at org.springframework.web.filter.OncePerRequestFilter.doFilter(OncePerRequestFilter.java:107)\r\n	at org.apache.catalina.core.ApplicationFilterChain.internalDoFilter(ApplicationFilterChain.java:243)\r\n	at org.apache.catalina.core.ApplicationFilterChain.doFilter(ApplicationFilterChain.java:210)\r\n	at org.apache.tomcat.websocket.server.WsFilter.doFilter(WsFilter.java:51)\r\n	at org.apache.catalina.core.ApplicationFilterChain.internalDoFilter(ApplicationFilterChain.java:243)\r\n	at org.apache.catalina.core.ApplicationFilterChain.doFilter(ApplicationFilterChain.java:210)\r\n	at org.springframework.security.web.FilterChainProxy$VirtualFilterChain.doFilter(FilterChainProxy.java:317)\r\n	at org.springframework.security.web.access.intercept.FilterSecurityInterceptor.invoke(FilterSecurityInterceptor.java:127)\r\n	at org.springframework.security.web.access.intercept.FilterSecurityInterceptor.doFilter(FilterSecurityInterceptor.java:91)\r\n	at org.springframework.security.web.FilterChainProxy$VirtualFilterChain.doFilter(FilterChainProxy.java:331)\r\n	at org.springframework.security.web.access.ExceptionTranslationFilter.doFilter(ExceptionTranslationFilter.java:115)\r\n	at org.springframework.security.web.FilterChainProxy$VirtualFilterChain.doFilter(FilterChainProxy.java:331)\r\n	at org.springframework.security.web.session.SessionManagementFilter.doFilter(SessionManagementFilter.java:137)\r\n	at org.springframework.security.web.FilterChainProxy$VirtualFilterChain.doFilter(FilterChainProxy.java:331)\r\n	at org.springframework.security.web.authentication.AnonymousAuthenticationFilter.doFilter(AnonymousAuthenticationFilter.java:112)\r\n	at org.springframework.security.web.FilterChainProxy$VirtualFilterChain.doFilter(FilterChainProxy.java:331)\r\n	at org.springframework.security.web.authentication.rememberme.RememberMeAuthenticationFilter.doFilter(RememberMeAuthenticationFilter.java:158)\r\n	at org.springframework.security.web.FilterChainProxy$VirtualFilterChain.doFilter(FilterChainProxy.java:331)\r\n	at org.springframework.security.web.servletapi.SecurityContextHolderAwareRequestFilter.doFilter(SecurityContextHolderAwareRequestFilter.java:169)\r\n	at org.springframework.security.web.FilterChainProxy$VirtualFilterChain.doFilter(FilterChainProxy.java:331)\r\n	at org.springframework.security.web.savedrequest.RequestCacheAwareFilter.doFilter(RequestCacheAwareFilter.java:63)\r\n	at org.springframework.security.web.FilterChainProxy$VirtualFilterChain.doFilter(FilterChainProxy.java:331)\r\n	at org.springframework.security.web.session.ConcurrentSessionFilter.doFilter(ConcurrentSessionFilter.java:134)\r\n	at org.springframework.security.web.FilterChainProxy$VirtualFilterChain.doFilter(FilterChainProxy.java:331)\r\n	at org.springframework.security.web.authentication.AbstractAuthenticationProcessingFilter.doFilter(AbstractAuthenticationProcessingFilter.java:206)\r\n	at org.springframework.security.web.FilterChainProxy$VirtualFilterChain.doFilter(FilterChainProxy.java:331)\r\n	at org.springframework.security.web.authentication.logout.LogoutFilter.doFilter(LogoutFilter.java:121)\r\n	at org.springframework.security.web.FilterChainProxy$VirtualFilterChain.doFilter(FilterChainProxy.java:331)\r\n	at org.springframework.security.web.header.HeaderWriterFilter.doFilterInternal(HeaderWriterFilter.java:66)\r\n	at org.springframework.web.filter.OncePerRequestFilter.doFilter(OncePerRequestFilter.java:107)\r\n	at org.springframework.security.web.FilterChainProxy$VirtualFilterChain.doFilter(FilterChainProxy.java:331)\r\n	at org.springframework.security.web.context.SecurityContextPersistenceFilter.doFilter(SecurityContextPersistenceFilter.java:106)\r\n	at org.springframework.security.web.FilterChainProxy$VirtualFilterChain.doFilter(FilterChainProxy.java:331)\r\n	at org.springframework.security.web.context.request.async.WebAsyncManagerIntegrationFilter.doFilterInternal(WebAsyncManagerIntegrationFilter.java:56)\r\n	at org.springframework.web.filter.OncePerRequestFilter.doFilter(OncePerRequestFilter.java:107)\r\n	at org.springframework.security.web.FilterChainProxy$VirtualFilterChain.doFilter(FilterChainProxy.java:331)\r\n	at org.springframework.security.web.FilterChainProxy.doFilterInternal(FilterChainProxy.java:214)\r\n	at org.springframework.security.web.FilterChainProxy.doFilter(FilterChainProxy.java:177)\r\n	at org.springframework.web.filter.DelegatingFilterProxy.invokeDelegate(DelegatingFilterProxy.java:346)\r\n	at org.springframework.web.filter.DelegatingFilterProxy.doFilter(DelegatingFilterProxy.java:262)\r\n	at org.apache.catalina.core.ApplicationFilterChain.internalDoFilter(ApplicationFilterChain.java:243)\r\n	at org.apache.catalina.core.ApplicationFilterChain.doFilter(ApplicationFilterChain.java:210)\r\n	at org.apache.catalina.core.StandardWrapperValve.invoke(StandardWrapperValve.java:222)\r\n	at org.apache.catalina.core.StandardContextValve.invoke(StandardContextValve.java:123)\r\n	at org.apache.catalina.authenticator.AuthenticatorBase.invoke(AuthenticatorBase.java:502)\r\n	at org.apache.catalina.core.StandardHostValve.invoke(StandardHostValve.java:171)\r\n	at org.apache.catalina.valves.ErrorReportValve.invoke(ErrorReportValve.java:100)\r\n	at org.apache.catalina.valves.AccessLogValve.invoke(AccessLogValve.java:953)\r\n	at org.apache.catalina.core.StandardEngineValve.invoke(StandardEngineValve.java:118)\r\n	at org.apache.catalina.connector.CoyoteAdapter.service(CoyoteAdapter.java:408)\r\n	at org.apache.coyote.http11.AbstractHttp11Processor.process(AbstractHttp11Processor.java:1041)\r\n	at org.apache.coyote.AbstractProtocol$AbstractConnectionHandler.process(AbstractProtocol.java:603)\r\n	at org.apache.tomcat.util.net.JIoEndpoint$SocketProcessor.run(JIoEndpoint.java:312)\r\n	at java.util.concurrent.ThreadPoolExecutor.runWorker(ThreadPoolExecutor.java:1142)\r\n	at java.util.concurrent.ThreadPoolExecutor$Worker.run(ThreadPoolExecutor.java:617)\r\n	at java.lang.Thread.run(Thread.java:745)\r\n','2016-05-30 14:36:38'),(00000000000000000014,NULL,'com.proeza.sgs.business.exception.StockNoDisponibleException','com.proeza.sgs.business.exception.StockNoDisponibleException\r\n	at com.proeza.sgs.business.entity.VentaArticulo.setCantidad(VentaArticulo.java:74)\r\n	at com.proeza.sgs.business.entity.Venta.addArticulo(Venta.java:139)\r\n	at com.proeza.sgs.business.service.impl.VentaService.quickSale(VentaService.java:50)\r\n	at sun.reflect.NativeMethodAccessorImpl.invoke0(Native Method)\r\n	at sun.reflect.NativeMethodAccessorImpl.invoke(NativeMethodAccessorImpl.java:62)\r\n	at sun.reflect.DelegatingMethodAccessorImpl.invoke(DelegatingMethodAccessorImpl.java:43)\r\n	at java.lang.reflect.Method.invoke(Method.java:497)\r\n	at org.springframework.aop.support.AopUtils.invokeJoinpointUsingReflection(AopUtils.java:302)\r\n	at org.springframework.aop.framework.ReflectiveMethodInvocation.invokeJoinpoint(ReflectiveMethodInvocation.java:190)\r\n	at org.springframework.aop.framework.ReflectiveMethodInvocation.proceed(ReflectiveMethodInvocation.java:157)\r\n	at org.springframework.transaction.interceptor.TransactionInterceptor$1.proceedWithInvocation(TransactionInterceptor.java:99)\r\n	at org.springframework.transaction.interceptor.TransactionAspectSupport.invokeWithinTransaction(TransactionAspectSupport.java:281)\r\n	at org.springframework.transaction.interceptor.TransactionInterceptor.invoke(TransactionInterceptor.java:96)\r\n	at org.springframework.aop.framework.ReflectiveMethodInvocation.proceed(ReflectiveMethodInvocation.java:179)\r\n	at org.springframework.aop.framework.JdkDynamicAopProxy.invoke(JdkDynamicAopProxy.java:208)\r\n	at com.sun.proxy.$Proxy104.quickSale(Unknown Source)\r\n	at com.proeza.sgs.web.rest.VentaRestController.quickSale(VentaRestController.java:26)\r\n	at sun.reflect.NativeMethodAccessorImpl.invoke0(Native Method)\r\n	at sun.reflect.NativeMethodAccessorImpl.invoke(NativeMethodAccessorImpl.java:62)\r\n	at sun.reflect.DelegatingMethodAccessorImpl.invoke(DelegatingMethodAccessorImpl.java:43)\r\n	at java.lang.reflect.Method.invoke(Method.java:497)\r\n	at org.springframework.web.method.support.InvocableHandlerMethod.doInvoke(InvocableHandlerMethod.java:221)\r\n	at org.springframework.web.method.support.InvocableHandlerMethod.invokeForRequest(InvocableHandlerMethod.java:136)\r\n	at org.springframework.web.servlet.mvc.method.annotation.ServletInvocableHandlerMethod.invokeAndHandle(ServletInvocableHandlerMethod.java:110)\r\n	at org.springframework.web.servlet.mvc.method.annotation.RequestMappingHandlerAdapter.invokeHandlerMethod(RequestMappingHandlerAdapter.java:832)\r\n	at org.springframework.web.servlet.mvc.method.annotation.RequestMappingHandlerAdapter.handleInternal(RequestMappingHandlerAdapter.java:743)\r\n	at org.springframework.web.servlet.mvc.method.AbstractHandlerMethodAdapter.handle(AbstractHandlerMethodAdapter.java:85)\r\n	at org.springframework.web.servlet.DispatcherServlet.doDispatch(DispatcherServlet.java:961)\r\n	at org.springframework.web.servlet.DispatcherServlet.doService(DispatcherServlet.java:895)\r\n	at org.springframework.web.servlet.FrameworkServlet.processRequest(FrameworkServlet.java:967)\r\n	at org.springframework.web.servlet.FrameworkServlet.doPost(FrameworkServlet.java:869)\r\n	at javax.servlet.http.HttpServlet.service(HttpServlet.java:647)\r\n	at org.springframework.web.servlet.FrameworkServlet.service(FrameworkServlet.java:843)\r\n	at javax.servlet.http.HttpServlet.service(HttpServlet.java:728)\r\n	at org.apache.catalina.core.ApplicationFilterChain.internalDoFilter(ApplicationFilterChain.java:305)\r\n	at org.apache.catalina.core.ApplicationFilterChain.doFilter(ApplicationFilterChain.java:210)\r\n	at org.springframework.web.filter.CharacterEncodingFilter.doFilterInternal(CharacterEncodingFilter.java:121)\r\n	at org.springframework.web.filter.OncePerRequestFilter.doFilter(OncePerRequestFilter.java:107)\r\n	at org.apache.catalina.core.ApplicationFilterChain.internalDoFilter(ApplicationFilterChain.java:243)\r\n	at org.apache.catalina.core.ApplicationFilterChain.doFilter(ApplicationFilterChain.java:210)\r\n	at org.apache.tomcat.websocket.server.WsFilter.doFilter(WsFilter.java:51)\r\n	at org.apache.catalina.core.ApplicationFilterChain.internalDoFilter(ApplicationFilterChain.java:243)\r\n	at org.apache.catalina.core.ApplicationFilterChain.doFilter(ApplicationFilterChain.java:210)\r\n	at org.springframework.security.web.FilterChainProxy$VirtualFilterChain.doFilter(FilterChainProxy.java:317)\r\n	at org.springframework.security.web.access.intercept.FilterSecurityInterceptor.invoke(FilterSecurityInterceptor.java:127)\r\n	at org.springframework.security.web.access.intercept.FilterSecurityInterceptor.doFilter(FilterSecurityInterceptor.java:91)\r\n	at org.springframework.security.web.FilterChainProxy$VirtualFilterChain.doFilter(FilterChainProxy.java:331)\r\n	at org.springframework.security.web.access.ExceptionTranslationFilter.doFilter(ExceptionTranslationFilter.java:115)\r\n	at org.springframework.security.web.FilterChainProxy$VirtualFilterChain.doFilter(FilterChainProxy.java:331)\r\n	at org.springframework.security.web.session.SessionManagementFilter.doFilter(SessionManagementFilter.java:137)\r\n	at org.springframework.security.web.FilterChainProxy$VirtualFilterChain.doFilter(FilterChainProxy.java:331)\r\n	at org.springframework.security.web.authentication.AnonymousAuthenticationFilter.doFilter(AnonymousAuthenticationFilter.java:112)\r\n	at org.springframework.security.web.FilterChainProxy$VirtualFilterChain.doFilter(FilterChainProxy.java:331)\r\n	at org.springframework.security.web.authentication.rememberme.RememberMeAuthenticationFilter.doFilter(RememberMeAuthenticationFilter.java:158)\r\n	at org.springframework.security.web.FilterChainProxy$VirtualFilterChain.doFilter(FilterChainProxy.java:331)\r\n	at org.springframework.security.web.servletapi.SecurityContextHolderAwareRequestFilter.doFilter(SecurityContextHolderAwareRequestFilter.java:169)\r\n	at org.springframework.security.web.FilterChainProxy$VirtualFilterChain.doFilter(FilterChainProxy.java:331)\r\n	at org.springframework.security.web.savedrequest.RequestCacheAwareFilter.doFilter(RequestCacheAwareFilter.java:63)\r\n	at org.springframework.security.web.FilterChainProxy$VirtualFilterChain.doFilter(FilterChainProxy.java:331)\r\n	at org.springframework.security.web.session.ConcurrentSessionFilter.doFilter(ConcurrentSessionFilter.java:134)\r\n	at org.springframework.security.web.FilterChainProxy$VirtualFilterChain.doFilter(FilterChainProxy.java:331)\r\n	at org.springframework.security.web.authentication.AbstractAuthenticationProcessingFilter.doFilter(AbstractAuthenticationProcessingFilter.java:206)\r\n	at org.springframework.security.web.FilterChainProxy$VirtualFilterChain.doFilter(FilterChainProxy.java:331)\r\n	at org.springframework.security.web.authentication.logout.LogoutFilter.doFilter(LogoutFilter.java:121)\r\n	at org.springframework.security.web.FilterChainProxy$VirtualFilterChain.doFilter(FilterChainProxy.java:331)\r\n	at org.springframework.security.web.header.HeaderWriterFilter.doFilterInternal(HeaderWriterFilter.java:66)\r\n	at org.springframework.web.filter.OncePerRequestFilter.doFilter(OncePerRequestFilter.java:107)\r\n	at org.springframework.security.web.FilterChainProxy$VirtualFilterChain.doFilter(FilterChainProxy.java:331)\r\n	at org.springframework.security.web.context.SecurityContextPersistenceFilter.doFilter(SecurityContextPersistenceFilter.java:106)\r\n	at org.springframework.security.web.FilterChainProxy$VirtualFilterChain.doFilter(FilterChainProxy.java:331)\r\n	at org.springframework.security.web.context.request.async.WebAsyncManagerIntegrationFilter.doFilterInternal(WebAsyncManagerIntegrationFilter.java:56)\r\n	at org.springframework.web.filter.OncePerRequestFilter.doFilter(OncePerRequestFilter.java:107)\r\n	at org.springframework.security.web.FilterChainProxy$VirtualFilterChain.doFilter(FilterChainProxy.java:331)\r\n	at org.springframework.security.web.FilterChainProxy.doFilterInternal(FilterChainProxy.java:214)\r\n	at org.springframework.security.web.FilterChainProxy.doFilter(FilterChainProxy.java:177)\r\n	at org.springframework.web.filter.DelegatingFilterProxy.invokeDelegate(DelegatingFilterProxy.java:346)\r\n	at org.springframework.web.filter.DelegatingFilterProxy.doFilter(DelegatingFilterProxy.java:262)\r\n	at org.apache.catalina.core.ApplicationFilterChain.internalDoFilter(ApplicationFilterChain.java:243)\r\n	at org.apache.catalina.core.ApplicationFilterChain.doFilter(ApplicationFilterChain.java:210)\r\n	at org.apache.catalina.core.StandardWrapperValve.invoke(StandardWrapperValve.java:222)\r\n	at org.apache.catalina.core.StandardContextValve.invoke(StandardContextValve.java:123)\r\n	at org.apache.catalina.authenticator.AuthenticatorBase.invoke(AuthenticatorBase.java:502)\r\n	at org.apache.catalina.core.StandardHostValve.invoke(StandardHostValve.java:171)\r\n	at org.apache.catalina.valves.ErrorReportValve.invoke(ErrorReportValve.java:100)\r\n	at org.apache.catalina.valves.AccessLogValve.invoke(AccessLogValve.java:953)\r\n	at org.apache.catalina.core.StandardEngineValve.invoke(StandardEngineValve.java:118)\r\n	at org.apache.catalina.connector.CoyoteAdapter.service(CoyoteAdapter.java:408)\r\n	at org.apache.coyote.http11.AbstractHttp11Processor.process(AbstractHttp11Processor.java:1041)\r\n	at org.apache.coyote.AbstractProtocol$AbstractConnectionHandler.process(AbstractProtocol.java:603)\r\n	at org.apache.tomcat.util.net.JIoEndpoint$SocketProcessor.run(JIoEndpoint.java:312)\r\n	at java.util.concurrent.ThreadPoolExecutor.runWorker(ThreadPoolExecutor.java:1142)\r\n	at java.util.concurrent.ThreadPoolExecutor$Worker.run(ThreadPoolExecutor.java:617)\r\n	at java.lang.Thread.run(Thread.java:745)\r\n','2016-05-30 19:36:12'),(00000000000000000015,NULL,'com.proeza.sgs.business.exception.StockNoDisponibleException','com.proeza.sgs.business.exception.StockNoDisponibleException\r\n	at com.proeza.sgs.business.entity.VentaArticulo.setCantidad(VentaArticulo.java:74)\r\n	at com.proeza.sgs.business.entity.Venta.addArticulo(Venta.java:139)\r\n	at com.proeza.sgs.business.service.impl.VentaService.quickSale(VentaService.java:50)\r\n	at sun.reflect.NativeMethodAccessorImpl.invoke0(Native Method)\r\n	at sun.reflect.NativeMethodAccessorImpl.invoke(NativeMethodAccessorImpl.java:62)\r\n	at sun.reflect.DelegatingMethodAccessorImpl.invoke(DelegatingMethodAccessorImpl.java:43)\r\n	at java.lang.reflect.Method.invoke(Method.java:497)\r\n	at org.springframework.aop.support.AopUtils.invokeJoinpointUsingReflection(AopUtils.java:302)\r\n	at org.springframework.aop.framework.ReflectiveMethodInvocation.invokeJoinpoint(ReflectiveMethodInvocation.java:190)\r\n	at org.springframework.aop.framework.ReflectiveMethodInvocation.proceed(ReflectiveMethodInvocation.java:157)\r\n	at org.springframework.transaction.interceptor.TransactionInterceptor$1.proceedWithInvocation(TransactionInterceptor.java:99)\r\n	at org.springframework.transaction.interceptor.TransactionAspectSupport.invokeWithinTransaction(TransactionAspectSupport.java:281)\r\n	at org.springframework.transaction.interceptor.TransactionInterceptor.invoke(TransactionInterceptor.java:96)\r\n	at org.springframework.aop.framework.ReflectiveMethodInvocation.proceed(ReflectiveMethodInvocation.java:179)\r\n	at org.springframework.aop.framework.JdkDynamicAopProxy.invoke(JdkDynamicAopProxy.java:208)\r\n	at com.sun.proxy.$Proxy104.quickSale(Unknown Source)\r\n	at com.proeza.sgs.web.rest.VentaRestController.quickSale(VentaRestController.java:26)\r\n	at sun.reflect.NativeMethodAccessorImpl.invoke0(Native Method)\r\n	at sun.reflect.NativeMethodAccessorImpl.invoke(NativeMethodAccessorImpl.java:62)\r\n	at sun.reflect.DelegatingMethodAccessorImpl.invoke(DelegatingMethodAccessorImpl.java:43)\r\n	at java.lang.reflect.Method.invoke(Method.java:497)\r\n	at org.springframework.web.method.support.InvocableHandlerMethod.doInvoke(InvocableHandlerMethod.java:221)\r\n	at org.springframework.web.method.support.InvocableHandlerMethod.invokeForRequest(InvocableHandlerMethod.java:136)\r\n	at org.springframework.web.servlet.mvc.method.annotation.ServletInvocableHandlerMethod.invokeAndHandle(ServletInvocableHandlerMethod.java:110)\r\n	at org.springframework.web.servlet.mvc.method.annotation.RequestMappingHandlerAdapter.invokeHandlerMethod(RequestMappingHandlerAdapter.java:832)\r\n	at org.springframework.web.servlet.mvc.method.annotation.RequestMappingHandlerAdapter.handleInternal(RequestMappingHandlerAdapter.java:743)\r\n	at org.springframework.web.servlet.mvc.method.AbstractHandlerMethodAdapter.handle(AbstractHandlerMethodAdapter.java:85)\r\n	at org.springframework.web.servlet.DispatcherServlet.doDispatch(DispatcherServlet.java:961)\r\n	at org.springframework.web.servlet.DispatcherServlet.doService(DispatcherServlet.java:895)\r\n	at org.springframework.web.servlet.FrameworkServlet.processRequest(FrameworkServlet.java:967)\r\n	at org.springframework.web.servlet.FrameworkServlet.doPost(FrameworkServlet.java:869)\r\n	at javax.servlet.http.HttpServlet.service(HttpServlet.java:647)\r\n	at org.springframework.web.servlet.FrameworkServlet.service(FrameworkServlet.java:843)\r\n	at javax.servlet.http.HttpServlet.service(HttpServlet.java:728)\r\n	at org.apache.catalina.core.ApplicationFilterChain.internalDoFilter(ApplicationFilterChain.java:305)\r\n	at org.apache.catalina.core.ApplicationFilterChain.doFilter(ApplicationFilterChain.java:210)\r\n	at org.springframework.web.filter.CharacterEncodingFilter.doFilterInternal(CharacterEncodingFilter.java:121)\r\n	at org.springframework.web.filter.OncePerRequestFilter.doFilter(OncePerRequestFilter.java:107)\r\n	at org.apache.catalina.core.ApplicationFilterChain.internalDoFilter(ApplicationFilterChain.java:243)\r\n	at org.apache.catalina.core.ApplicationFilterChain.doFilter(ApplicationFilterChain.java:210)\r\n	at org.apache.tomcat.websocket.server.WsFilter.doFilter(WsFilter.java:51)\r\n	at org.apache.catalina.core.ApplicationFilterChain.internalDoFilter(ApplicationFilterChain.java:243)\r\n	at org.apache.catalina.core.ApplicationFilterChain.doFilter(ApplicationFilterChain.java:210)\r\n	at org.springframework.security.web.FilterChainProxy$VirtualFilterChain.doFilter(FilterChainProxy.java:317)\r\n	at org.springframework.security.web.access.intercept.FilterSecurityInterceptor.invoke(FilterSecurityInterceptor.java:127)\r\n	at org.springframework.security.web.access.intercept.FilterSecurityInterceptor.doFilter(FilterSecurityInterceptor.java:91)\r\n	at org.springframework.security.web.FilterChainProxy$VirtualFilterChain.doFilter(FilterChainProxy.java:331)\r\n	at org.springframework.security.web.access.ExceptionTranslationFilter.doFilter(ExceptionTranslationFilter.java:115)\r\n	at org.springframework.security.web.FilterChainProxy$VirtualFilterChain.doFilter(FilterChainProxy.java:331)\r\n	at org.springframework.security.web.session.SessionManagementFilter.doFilter(SessionManagementFilter.java:137)\r\n	at org.springframework.security.web.FilterChainProxy$VirtualFilterChain.doFilter(FilterChainProxy.java:331)\r\n	at org.springframework.security.web.authentication.AnonymousAuthenticationFilter.doFilter(AnonymousAuthenticationFilter.java:112)\r\n	at org.springframework.security.web.FilterChainProxy$VirtualFilterChain.doFilter(FilterChainProxy.java:331)\r\n	at org.springframework.security.web.authentication.rememberme.RememberMeAuthenticationFilter.doFilter(RememberMeAuthenticationFilter.java:158)\r\n	at org.springframework.security.web.FilterChainProxy$VirtualFilterChain.doFilter(FilterChainProxy.java:331)\r\n	at org.springframework.security.web.servletapi.SecurityContextHolderAwareRequestFilter.doFilter(SecurityContextHolderAwareRequestFilter.java:169)\r\n	at org.springframework.security.web.FilterChainProxy$VirtualFilterChain.doFilter(FilterChainProxy.java:331)\r\n	at org.springframework.security.web.savedrequest.RequestCacheAwareFilter.doFilter(RequestCacheAwareFilter.java:63)\r\n	at org.springframework.security.web.FilterChainProxy$VirtualFilterChain.doFilter(FilterChainProxy.java:331)\r\n	at org.springframework.security.web.session.ConcurrentSessionFilter.doFilter(ConcurrentSessionFilter.java:134)\r\n	at org.springframework.security.web.FilterChainProxy$VirtualFilterChain.doFilter(FilterChainProxy.java:331)\r\n	at org.springframework.security.web.authentication.AbstractAuthenticationProcessingFilter.doFilter(AbstractAuthenticationProcessingFilter.java:206)\r\n	at org.springframework.security.web.FilterChainProxy$VirtualFilterChain.doFilter(FilterChainProxy.java:331)\r\n	at org.springframework.security.web.authentication.logout.LogoutFilter.doFilter(LogoutFilter.java:121)\r\n	at org.springframework.security.web.FilterChainProxy$VirtualFilterChain.doFilter(FilterChainProxy.java:331)\r\n	at org.springframework.security.web.header.HeaderWriterFilter.doFilterInternal(HeaderWriterFilter.java:66)\r\n	at org.springframework.web.filter.OncePerRequestFilter.doFilter(OncePerRequestFilter.java:107)\r\n	at org.springframework.security.web.FilterChainProxy$VirtualFilterChain.doFilter(FilterChainProxy.java:331)\r\n	at org.springframework.security.web.context.SecurityContextPersistenceFilter.doFilter(SecurityContextPersistenceFilter.java:106)\r\n	at org.springframework.security.web.FilterChainProxy$VirtualFilterChain.doFilter(FilterChainProxy.java:331)\r\n	at org.springframework.security.web.context.request.async.WebAsyncManagerIntegrationFilter.doFilterInternal(WebAsyncManagerIntegrationFilter.java:56)\r\n	at org.springframework.web.filter.OncePerRequestFilter.doFilter(OncePerRequestFilter.java:107)\r\n	at org.springframework.security.web.FilterChainProxy$VirtualFilterChain.doFilter(FilterChainProxy.java:331)\r\n	at org.springframework.security.web.FilterChainProxy.doFilterInternal(FilterChainProxy.java:214)\r\n	at org.springframework.security.web.FilterChainProxy.doFilter(FilterChainProxy.java:177)\r\n	at org.springframework.web.filter.DelegatingFilterProxy.invokeDelegate(DelegatingFilterProxy.java:346)\r\n	at org.springframework.web.filter.DelegatingFilterProxy.doFilter(DelegatingFilterProxy.java:262)\r\n	at org.apache.catalina.core.ApplicationFilterChain.internalDoFilter(ApplicationFilterChain.java:243)\r\n	at org.apache.catalina.core.ApplicationFilterChain.doFilter(ApplicationFilterChain.java:210)\r\n	at org.apache.catalina.core.StandardWrapperValve.invoke(StandardWrapperValve.java:222)\r\n	at org.apache.catalina.core.StandardContextValve.invoke(StandardContextValve.java:123)\r\n	at org.apache.catalina.authenticator.AuthenticatorBase.invoke(AuthenticatorBase.java:502)\r\n	at org.apache.catalina.core.StandardHostValve.invoke(StandardHostValve.java:171)\r\n	at org.apache.catalina.valves.ErrorReportValve.invoke(ErrorReportValve.java:100)\r\n	at org.apache.catalina.valves.AccessLogValve.invoke(AccessLogValve.java:953)\r\n	at org.apache.catalina.core.StandardEngineValve.invoke(StandardEngineValve.java:118)\r\n	at org.apache.catalina.connector.CoyoteAdapter.service(CoyoteAdapter.java:408)\r\n	at org.apache.coyote.http11.AbstractHttp11Processor.process(AbstractHttp11Processor.java:1041)\r\n	at org.apache.coyote.AbstractProtocol$AbstractConnectionHandler.process(AbstractProtocol.java:603)\r\n	at org.apache.tomcat.util.net.JIoEndpoint$SocketProcessor.run(JIoEndpoint.java:312)\r\n	at java.util.concurrent.ThreadPoolExecutor.runWorker(ThreadPoolExecutor.java:1142)\r\n	at java.util.concurrent.ThreadPoolExecutor$Worker.run(ThreadPoolExecutor.java:617)\r\n	at java.lang.Thread.run(Thread.java:745)\r\n','2016-05-30 19:36:38'),(00000000000000000016,'No entity found for query','javax.persistence.NoResultException','javax.persistence.NoResultException: No entity found for query\r\n	at org.hibernate.jpa.internal.QueryImpl.getSingleResult(QueryImpl.java:498)\r\n	at com.proeza.sgs.system.dao.PageDao.findByGroupAndName(PageDao.java:29)\r\n	at com.proeza.sgs.web.menu.ViewMenuManager.getMenus(ViewMenuManager.java:54)\r\n	at sun.reflect.NativeMethodAccessorImpl.invoke0(Native Method)\r\n	at sun.reflect.NativeMethodAccessorImpl.invoke(NativeMethodAccessorImpl.java:62)\r\n	at sun.reflect.DelegatingMethodAccessorImpl.invoke(DelegatingMethodAccessorImpl.java:43)\r\n	at java.lang.reflect.Method.invoke(Method.java:497)\r\n	at org.springframework.aop.support.AopUtils.invokeJoinpointUsingReflection(AopUtils.java:302)\r\n	at org.springframework.aop.framework.ReflectiveMethodInvocation.invokeJoinpoint(ReflectiveMethodInvocation.java:190)\r\n	at org.springframework.aop.framework.ReflectiveMethodInvocation.proceed(ReflectiveMethodInvocation.java:157)\r\n	at org.springframework.transaction.interceptor.TransactionInterceptor$1.proceedWithInvocation(TransactionInterceptor.java:99)\r\n	at org.springframework.transaction.interceptor.TransactionAspectSupport.invokeWithinTransaction(TransactionAspectSupport.java:281)\r\n	at org.springframework.transaction.interceptor.TransactionInterceptor.invoke(TransactionInterceptor.java:96)\r\n	at org.springframework.aop.framework.ReflectiveMethodInvocation.proceed(ReflectiveMethodInvocation.java:179)\r\n	at org.springframework.aop.framework.JdkDynamicAopProxy.invoke(JdkDynamicAopProxy.java:208)\r\n	at com.sun.proxy.$Proxy111.getMenus(Unknown Source)\r\n	at com.proeza.sgs.web.controller.AccessController.menues(AccessController.java:29)\r\n	at sun.reflect.NativeMethodAccessorImpl.invoke0(Native Method)\r\n	at sun.reflect.NativeMethodAccessorImpl.invoke(NativeMethodAccessorImpl.java:62)\r\n	at sun.reflect.DelegatingMethodAccessorImpl.invoke(DelegatingMethodAccessorImpl.java:43)\r\n	at java.lang.reflect.Method.invoke(Method.java:497)\r\n	at org.springframework.web.method.support.InvocableHandlerMethod.doInvoke(InvocableHandlerMethod.java:221)\r\n	at org.springframework.web.method.support.InvocableHandlerMethod.invokeForRequest(InvocableHandlerMethod.java:136)\r\n	at org.springframework.web.method.annotation.ModelFactory.invokeModelAttributeMethods(ModelFactory.java:136)\r\n	at org.springframework.web.method.annotation.ModelFactory.initModel(ModelFactory.java:109)\r\n	at org.springframework.web.servlet.mvc.method.annotation.RequestMappingHandlerAdapter.invokeHandlerMethod(RequestMappingHandlerAdapter.java:810)\r\n	at org.springframework.web.servlet.mvc.method.annotation.RequestMappingHandlerAdapter.handleInternal(RequestMappingHandlerAdapter.java:743)\r\n	at org.springframework.web.servlet.mvc.method.AbstractHandlerMethodAdapter.handle(AbstractHandlerMethodAdapter.java:85)\r\n	at org.springframework.web.servlet.DispatcherServlet.doDispatch(DispatcherServlet.java:961)\r\n	at org.springframework.web.servlet.DispatcherServlet.doService(DispatcherServlet.java:895)\r\n	at org.springframework.web.servlet.FrameworkServlet.processRequest(FrameworkServlet.java:967)\r\n	at org.springframework.web.servlet.FrameworkServlet.doGet(FrameworkServlet.java:858)\r\n	at javax.servlet.http.HttpServlet.service(HttpServlet.java:621)\r\n	at org.springframework.web.servlet.FrameworkServlet.service(FrameworkServlet.java:843)\r\n	at javax.servlet.http.HttpServlet.service(HttpServlet.java:728)\r\n	at org.apache.catalina.core.ApplicationFilterChain.internalDoFilter(ApplicationFilterChain.java:305)\r\n	at org.apache.catalina.core.ApplicationFilterChain.doFilter(ApplicationFilterChain.java:210)\r\n	at org.springframework.web.filter.CharacterEncodingFilter.doFilterInternal(CharacterEncodingFilter.java:121)\r\n	at org.springframework.web.filter.OncePerRequestFilter.doFilter(OncePerRequestFilter.java:107)\r\n	at org.apache.catalina.core.ApplicationFilterChain.internalDoFilter(ApplicationFilterChain.java:243)\r\n	at org.apache.catalina.core.ApplicationFilterChain.doFilter(ApplicationFilterChain.java:210)\r\n	at org.apache.tomcat.websocket.server.WsFilter.doFilter(WsFilter.java:51)\r\n	at org.apache.catalina.core.ApplicationFilterChain.internalDoFilter(ApplicationFilterChain.java:243)\r\n	at org.apache.catalina.core.ApplicationFilterChain.doFilter(ApplicationFilterChain.java:210)\r\n	at org.springframework.security.web.FilterChainProxy$VirtualFilterChain.doFilter(FilterChainProxy.java:317)\r\n	at org.springframework.security.web.access.intercept.FilterSecurityInterceptor.invoke(FilterSecurityInterceptor.java:127)\r\n	at org.springframework.security.web.access.intercept.FilterSecurityInterceptor.doFilter(FilterSecurityInterceptor.java:91)\r\n	at org.springframework.security.web.FilterChainProxy$VirtualFilterChain.doFilter(FilterChainProxy.java:331)\r\n	at org.springframework.security.web.access.ExceptionTranslationFilter.doFilter(ExceptionTranslationFilter.java:115)\r\n	at org.springframework.security.web.FilterChainProxy$VirtualFilterChain.doFilter(FilterChainProxy.java:331)\r\n	at org.springframework.security.web.session.SessionManagementFilter.doFilter(SessionManagementFilter.java:137)\r\n	at org.springframework.security.web.FilterChainProxy$VirtualFilterChain.doFilter(FilterChainProxy.java:331)\r\n	at org.springframework.security.web.authentication.AnonymousAuthenticationFilter.doFilter(AnonymousAuthenticationFilter.java:112)\r\n	at org.springframework.security.web.FilterChainProxy$VirtualFilterChain.doFilter(FilterChainProxy.java:331)\r\n	at org.springframework.security.web.authentication.rememberme.RememberMeAuthenticationFilter.doFilter(RememberMeAuthenticationFilter.java:150)\r\n	at org.springframework.security.web.FilterChainProxy$VirtualFilterChain.doFilter(FilterChainProxy.java:331)\r\n	at org.springframework.security.web.servletapi.SecurityContextHolderAwareRequestFilter.doFilter(SecurityContextHolderAwareRequestFilter.java:169)\r\n	at org.springframework.security.web.FilterChainProxy$VirtualFilterChain.doFilter(FilterChainProxy.java:331)\r\n	at org.springframework.security.web.savedrequest.RequestCacheAwareFilter.doFilter(RequestCacheAwareFilter.java:63)\r\n	at org.springframework.security.web.FilterChainProxy$VirtualFilterChain.doFilter(FilterChainProxy.java:331)\r\n	at org.springframework.security.web.session.ConcurrentSessionFilter.doFilter(ConcurrentSessionFilter.java:134)\r\n	at org.springframework.security.web.FilterChainProxy$VirtualFilterChain.doFilter(FilterChainProxy.java:331)\r\n	at org.springframework.security.web.authentication.AbstractAuthenticationProcessingFilter.doFilter(AbstractAuthenticationProcessingFilter.java:206)\r\n	at org.springframework.security.web.FilterChainProxy$VirtualFilterChain.doFilter(FilterChainProxy.java:331)\r\n	at org.springframework.security.web.authentication.logout.LogoutFilter.doFilter(LogoutFilter.java:121)\r\n	at org.springframework.security.web.FilterChainProxy$VirtualFilterChain.doFilter(FilterChainProxy.java:331)\r\n	at org.springframework.security.web.header.HeaderWriterFilter.doFilterInternal(HeaderWriterFilter.java:66)\r\n	at org.springframework.web.filter.OncePerRequestFilter.doFilter(OncePerRequestFilter.java:107)\r\n	at org.springframework.security.web.FilterChainProxy$VirtualFilterChain.doFilter(FilterChainProxy.java:331)\r\n	at org.springframework.security.web.context.SecurityContextPersistenceFilter.doFilter(SecurityContextPersistenceFilter.java:106)\r\n	at org.springframework.security.web.FilterChainProxy$VirtualFilterChain.doFilter(FilterChainProxy.java:331)\r\n	at org.springframework.security.web.context.request.async.WebAsyncManagerIntegrationFilter.doFilterInternal(WebAsyncManagerIntegrationFilter.java:56)\r\n	at org.springframework.web.filter.OncePerRequestFilter.doFilter(OncePerRequestFilter.java:107)\r\n	at org.springframework.security.web.FilterChainProxy$VirtualFilterChain.doFilter(FilterChainProxy.java:331)\r\n	at org.springframework.security.web.FilterChainProxy.doFilterInternal(FilterChainProxy.java:214)\r\n	at org.springframework.security.web.FilterChainProxy.doFilter(FilterChainProxy.java:177)\r\n	at org.springframework.web.filter.DelegatingFilterProxy.invokeDelegate(DelegatingFilterProxy.java:346)\r\n	at org.springframework.web.filter.DelegatingFilterProxy.doFilter(DelegatingFilterProxy.java:262)\r\n	at org.apache.catalina.core.ApplicationFilterChain.internalDoFilter(ApplicationFilterChain.java:243)\r\n	at org.apache.catalina.core.ApplicationFilterChain.doFilter(ApplicationFilterChain.java:210)\r\n	at org.apache.catalina.core.StandardWrapperValve.invoke(StandardWrapperValve.java:222)\r\n	at org.apache.catalina.core.StandardContextValve.invoke(StandardContextValve.java:123)\r\n	at org.apache.catalina.authenticator.AuthenticatorBase.invoke(AuthenticatorBase.java:502)\r\n	at org.apache.catalina.core.StandardHostValve.invoke(StandardHostValve.java:171)\r\n	at org.apache.catalina.valves.ErrorReportValve.invoke(ErrorReportValve.java:100)\r\n	at org.apache.catalina.valves.AccessLogValve.invoke(AccessLogValve.java:953)\r\n	at org.apache.catalina.core.StandardEngineValve.invoke(StandardEngineValve.java:118)\r\n	at org.apache.catalina.connector.CoyoteAdapter.service(CoyoteAdapter.java:408)\r\n	at org.apache.coyote.http11.AbstractHttp11Processor.process(AbstractHttp11Processor.java:1041)\r\n	at org.apache.coyote.AbstractProtocol$AbstractConnectionHandler.process(AbstractProtocol.java:603)\r\n	at org.apache.tomcat.util.net.JIoEndpoint$SocketProcessor.run(JIoEndpoint.java:310)\r\n	at java.util.concurrent.ThreadPoolExecutor.runWorker(ThreadPoolExecutor.java:1142)\r\n	at java.util.concurrent.ThreadPoolExecutor$Worker.run(ThreadPoolExecutor.java:617)\r\n	at java.lang.Thread.run(Thread.java:745)\r\n','2016-06-03 23:38:48');
/*!40000 ALTER TABLE `cmn_error` ENABLE KEYS */;
UNLOCK TABLES;

--
-- Dumping data for table `cmn_i18n`
--

LOCK TABLES `cmn_i18n` WRITE;
/*!40000 ALTER TABLE `cmn_i18n` DISABLE KEYS */;
INSERT INTO `cmn_i18n` VALUES (00000000000000000001),(00000000000000000002),(00000000000000000003),(00000000000000000004),(00000000000000000005),(00000000000000000006),(00000000000000000007),(00000000000000000008),(00000000000000000009),(00000000000000000010),(00000000000000000011),(00000000000000000012),(00000000000000000013),(00000000000000000014),(00000000000000000015),(00000000000000000016),(00000000000000000017),(00000000000000000018),(00000000000000000019),(00000000000000000020),(00000000000000000021),(00000000000000000022),(00000000000000000023),(00000000000000000024),(00000000000000000025),(00000000000000000026),(00000000000000000027),(00000000000000000028),(00000000000000000029),(00000000000000000030),(00000000000000000031),(00000000000000000032),(00000000000000000033),(00000000000000000034),(00000000000000000035),(00000000000000000036),(00000000000000000037),(00000000000000000038),(00000000000000000039),(00000000000000000040),(00000000000000000041),(00000000000000000042),(00000000000000000043);
/*!40000 ALTER TABLE `cmn_i18n` ENABLE KEYS */;
UNLOCK TABLES;

--
-- Dumping data for table `cmn_medio_pago`
--

LOCK TABLES `cmn_medio_pago` WRITE;
/*!40000 ALTER TABLE `cmn_medio_pago` DISABLE KEYS */;
INSERT INTO `cmn_medio_pago` VALUES (00000000000000000001,'EFT','Efectivo','Efectivo'),(00000000000000000002,'TCR','Crédito','Tarjeta de crédito'),(00000000000000000003,'TDE','Débito','Tarjeta de débito');
/*!40000 ALTER TABLE `cmn_medio_pago` ENABLE KEYS */;
UNLOCK TABLES;

--
-- Dumping data for table `cmn_moneda`
--

LOCK TABLES `cmn_moneda` WRITE;
/*!40000 ALTER TABLE `cmn_moneda` DISABLE KEYS */;
/*!40000 ALTER TABLE `cmn_moneda` ENABLE KEYS */;
UNLOCK TABLES;

--
-- Dumping data for table `cmn_movimiento`
--

LOCK TABLES `cmn_movimiento` WRITE;
/*!40000 ALTER TABLE `cmn_movimiento` DISABLE KEYS */;
INSERT INTO `cmn_movimiento` VALUES (00000000000000000001,'REL_STOCK',00000000000000000063,'MARCA','2016-05-30 21:00:00',NULL,'0'),(00000000000000000002,'REL_STOCK',00000000000000000073,'MARCA','2016-05-30 21:00:00',NULL,'0'),(00000000000000000003,'REL_STOCK',00000000000000000100,'MARCA','2016-05-30 21:00:00',NULL,'0'),(00000000000000000004,'REL_STOCK',00000000000000000056,'MARCA','2016-05-30 21:00:00',NULL,'0'),(00000000000000000005,'REL_STOCK',00000000000000000001,'MARCA','2016-05-30 21:00:00',NULL,'0'),(00000000000000000006,'REL_STOCK',00000000000000000036,'MARCA','2016-05-30 21:00:00',NULL,'0'),(00000000000000000007,'REL_STOCK',00000000000000000058,'MARCA','2016-05-30 21:00:00',NULL,'0'),(00000000000000000008,'REL_STOCK',00000000000000000102,'MARCA','2016-05-30 21:00:00',NULL,'0'),(00000000000000000009,'REL_STOCK',00000000000000000111,'MARCA','2016-05-30 21:00:00',NULL,'0'),(00000000000000000010,'REL_STOCK',00000000000000000103,'MARCA','2016-05-30 21:00:00',NULL,'0'),(00000000000000000011,'REL_STOCK',00000000000000000105,'MARCA','2016-05-30 21:00:00',NULL,'0'),(00000000000000000012,'REL_STOCK',00000000000000000033,'MARCA','2016-05-30 21:00:00',NULL,'0'),(00000000000000000013,'REL_STOCK',00000000000000000018,'MARCA','2016-05-30 21:00:01',NULL,'0'),(00000000000000000014,'REL_STOCK',00000000000000000075,'MARCA','2016-05-30 21:00:01',NULL,'0'),(00000000000000000015,'REL_STOCK',00000000000000000005,'MARCA','2016-05-30 21:00:01',NULL,'0'),(00000000000000000016,'REL_STOCK',00000000000000000072,'MARCA','2016-05-30 21:00:01',NULL,'0'),(00000000000000000017,'REL_STOCK',00000000000000000006,'MARCA','2016-05-30 21:00:01',NULL,'0'),(00000000000000000018,'REL_STOCK',00000000000000000101,'MARCA','2016-05-30 21:00:01',NULL,'0'),(00000000000000000019,'REL_STOCK',00000000000000000025,'MARCA','2016-05-30 21:00:01',NULL,'0'),(00000000000000000020,'REL_STOCK',00000000000000000109,'MARCA','2016-05-30 21:00:01',NULL,'0'),(00000000000000000021,'REL_STOCK',00000000000000000045,'MARCA','2016-05-30 21:00:01',NULL,'0'),(00000000000000000022,'REL_STOCK',00000000000000000086,'MARCA','2016-05-30 21:00:01',NULL,'0'),(00000000000000000023,'REL_STOCK',00000000000000000067,'MARCA','2016-05-30 21:00:01',NULL,'0'),(00000000000000000024,'REL_STOCK',00000000000000000108,'MARCA','2016-05-30 21:00:01',NULL,'0'),(00000000000000000025,'REL_STOCK',00000000000000000008,'MARCA','2016-05-30 21:00:01',NULL,'0'),(00000000000000000026,'REL_STOCK',00000000000000000066,'MARCA','2016-05-30 21:00:01',NULL,'0'),(00000000000000000027,'REL_STOCK',00000000000000000037,'MARCA','2016-05-30 21:00:01',NULL,'0'),(00000000000000000028,'REL_STOCK',00000000000000000031,'MARCA','2016-05-30 21:00:01',NULL,'0'),(00000000000000000029,'REL_STOCK',00000000000000000002,'MARCA','2016-05-30 21:00:01',NULL,'0'),(00000000000000000030,'REL_STOCK',00000000000000000010,'MARCA','2016-05-30 21:00:01',NULL,'0'),(00000000000000000031,'REL_STOCK',00000000000000000013,'MARCA','2016-05-30 21:00:01',NULL,'0'),(00000000000000000032,'REL_STOCK',00000000000000000106,'MARCA','2016-05-30 21:00:01',NULL,'0'),(00000000000000000033,'REL_STOCK',00000000000000000042,'MARCA','2016-05-30 21:00:01',NULL,'0'),(00000000000000000034,'REL_STOCK',00000000000000000107,'MARCA','2016-05-30 21:00:01',NULL,'0'),(00000000000000000035,'REL_STOCK',00000000000000000043,'MARCA','2016-05-30 21:00:01',NULL,'0'),(00000000000000000036,'REL_STOCK',00000000000000000074,'MARCA','2016-05-30 21:00:01',NULL,'0'),(00000000000000000037,'REL_STOCK',00000000000000000099,'MARCA','2016-05-30 21:00:01',NULL,'0'),(00000000000000000038,'REL_STOCK',00000000000000000050,'MARCA','2016-05-30 21:00:01',NULL,'0'),(00000000000000000039,'REL_STOCK',00000000000000000088,'MARCA','2016-05-30 21:00:01',NULL,'0'),(00000000000000000040,'REL_STOCK',00000000000000000029,'MARCA','2016-05-30 21:00:01',NULL,'0'),(00000000000000000041,'REL_STOCK',00000000000000000004,'RUBRO','2016-05-30 21:00:01',NULL,'0'),(00000000000000000042,'REL_STOCK',00000000000000000005,'RUBRO','2016-05-30 21:00:01',NULL,'0'),(00000000000000000043,'REL_STOCK',00000000000000000006,'RUBRO','2016-05-30 21:00:01',NULL,'0'),(00000000000000000044,'REL_STOCK',00000000000000000001,'RUBRO','2016-05-30 21:00:01',NULL,'0'),(00000000000000000045,'REL_STOCK',00000000000000000002,'RUBRO','2016-05-30 21:00:01',NULL,'0'),(00000000000000000046,'REL_STOCK',00000000000000000000,'STOCK_TOTAL','2016-05-30 21:00:01',NULL,'0'),(00000000000000000047,'REL_STOCK',00000000000000000000,'CAPITAL','2016-05-30 21:00:01',NULL,'0.00');
/*!40000 ALTER TABLE `cmn_movimiento` ENABLE KEYS */;
UNLOCK TABLES;

--
-- Dumping data for table `cmn_persona`
--

LOCK TABLES `cmn_persona` WRITE;
/*!40000 ALTER TABLE `cmn_persona` DISABLE KEYS */;
/*!40000 ALTER TABLE `cmn_persona` ENABLE KEYS */;
UNLOCK TABLES;

--
-- Dumping data for table `cmn_telefono`
--

LOCK TABLES `cmn_telefono` WRITE;
/*!40000 ALTER TABLE `cmn_telefono` DISABLE KEYS */;
/*!40000 ALTER TABLE `cmn_telefono` ENABLE KEYS */;
UNLOCK TABLES;

--
-- Dumping data for table `cmn_telefono_tipo`
--

LOCK TABLES `cmn_telefono_tipo` WRITE;
/*!40000 ALTER TABLE `cmn_telefono_tipo` DISABLE KEYS */;
INSERT INTO `cmn_telefono_tipo` VALUES (00000000000000000001,'MPERSONAL','Movil Personal','Celular personal'),(00000000000000000002,'MTRABAJO','Movil de Trabajo','Celular trabajo'),(00000000000000000003,'FPERSONAL','Personal','Telefono fijo personal'),(00000000000000000004,'FTRABAJO','Trabajo','Telefono fijo de trabajo');
/*!40000 ALTER TABLE `cmn_telefono_tipo` ENABLE KEYS */;
UNLOCK TABLES;

--
-- Dumping data for table `cmn_traduccion`
--

LOCK TABLES `cmn_traduccion` WRITE;
/*!40000 ALTER TABLE `cmn_traduccion` DISABLE KEYS */;
INSERT INTO `cmn_traduccion` VALUES (00000000000000000001,00000000000000000001,'en_US','Home'),(00000000000000000002,00000000000000000001,'es_AR','Home'),(00000000000000000003,00000000000000000002,'en_US','User'),(00000000000000000004,00000000000000000002,'es_AR','Usuario'),(00000000000000000005,00000000000000000003,'en_US','Administration'),(00000000000000000006,00000000000000000003,'es_AR','Administración'),(00000000000000000007,00000000000000000004,'en_US','List'),(00000000000000000008,00000000000000000004,'es_AR','Listado'),(00000000000000000009,00000000000000000005,'en_US','Statistics'),(00000000000000000010,00000000000000000005,'es_AR','Estadísticas'),(00000000000000000011,00000000000000000006,'en_US','Access the application home'),(00000000000000000012,00000000000000000006,'es_AR','Para acceder al inicio de la aplicación'),(00000000000000000013,00000000000000000007,'en_US','Access the user home'),(00000000000000000014,00000000000000000007,'es_AR','Para acceder al home de la funciolidad de usuario'),(00000000000000000015,00000000000000000008,'en_US','Access the user administration'),(00000000000000000016,00000000000000000008,'es_AR','Para acceder a la administración de usuarios'),(00000000000000000017,00000000000000000009,'en_US','Access the user list'),(00000000000000000018,00000000000000000009,'es_AR','Para acceder al listado de usuarios'),(00000000000000000019,00000000000000000010,'en_US','Access the article home'),(00000000000000000020,00000000000000000010,'es_AR','Para acceder al home de articulo'),(00000000000000000021,00000000000000000011,'en_US','Access the article list'),(00000000000000000022,00000000000000000011,'es_AR','Para acceder al listado de articulos'),(00000000000000000023,00000000000000000012,'en_US','Access the article stats'),(00000000000000000024,00000000000000000012,'es_AR','Para acceder a las estadísticas de articulos'),(00000000000000000025,00000000000000000013,'en_US','Access the article administration'),(00000000000000000026,00000000000000000013,'es_AR','Para acceder a la administración de articulos'),(00000000000000000027,00000000000000000014,'en_US','Article'),(00000000000000000028,00000000000000000014,'es_AR','Artículo'),(00000000000000000029,00000000000000000015,'es_AR','Usuario'),(00000000000000000030,00000000000000000015,'en_US','User'),(00000000000000000031,00000000000000000016,'es_AR','Inicio'),(00000000000000000032,00000000000000000016,'en_US','Home'),(00000000000000000033,00000000000000000017,'es_AR','Artículo'),(00000000000000000034,00000000000000000017,'en_US','Product'),(00000000000000000035,00000000000000000018,'es_AR','Inicio'),(00000000000000000036,00000000000000000018,'en_US','Home'),(00000000000000000037,00000000000000000019,'es_AR','Listado'),(00000000000000000038,00000000000000000019,'en_US','List'),(00000000000000000039,00000000000000000020,'es_AR','Administración'),(00000000000000000040,00000000000000000020,'en_US','Management'),(00000000000000000041,00000000000000000021,'es_AR','Estadísticas'),(00000000000000000042,00000000000000000021,'en_US','Statistics'),(00000000000000000043,00000000000000000022,'en_US','Sales'),(00000000000000000044,00000000000000000022,'es_AR','Ventas'),(00000000000000000045,00000000000000000023,'en_US','Quick cash sale'),(00000000000000000046,00000000000000000023,'es_AR','Venta rápida efectivo'),(00000000000000000047,00000000000000000024,'en_US','Quick credit sale'),(00000000000000000048,00000000000000000024,'es_AR','Venta rápida crédito'),(00000000000000000049,00000000000000000025,'en_US','Quick debit sale'),(00000000000000000050,00000000000000000025,'es_AR','Venta rápida débito'),(00000000000000000051,00000000000000000026,'en_US','See images'),(00000000000000000052,00000000000000000026,'es_AR','Ver imágenes'),(00000000000000000053,00000000000000000027,'es_AR','Aplicación'),(00000000000000000054,00000000000000000027,'en_US','Application'),(00000000000000000055,00000000000000000028,'es_AR','Menúes'),(00000000000000000056,00000000000000000028,'en_US','Menus'),(00000000000000000085,00000000000000000029,'es_AR','Inicio del módulo de usuario'),(00000000000000000086,00000000000000000029,'en_US','Home for user module'),(00000000000000000087,00000000000000000030,'es_AR','Página de listado de usuarios'),(00000000000000000088,00000000000000000030,'en_US','User listing page'),(00000000000000000089,00000000000000000031,'es_AR','Página de administración de usuarios'),(00000000000000000090,00000000000000000031,'en_US','User administration page'),(00000000000000000091,00000000000000000032,'es_AR','Página de estadísticas de usuario'),(00000000000000000092,00000000000000000032,'en_US','User statistics page'),(00000000000000000093,00000000000000000033,'es_AR','Inicio de la aplicación'),(00000000000000000094,00000000000000000033,'en_US','Application home'),(00000000000000000095,00000000000000000034,'es_AR','Página de registro de usuario'),(00000000000000000096,00000000000000000034,'en_US','User registration page'),(00000000000000000097,00000000000000000035,'es_AR','Página de login de usuario'),(00000000000000000098,00000000000000000035,'en_US','User login page'),(00000000000000000099,00000000000000000036,'es_AR','Página de logout de usuario'),(00000000000000000100,00000000000000000036,'en_US','User logout page'),(00000000000000000101,00000000000000000037,'es_AR','Inicio del módulo de artículo'),(00000000000000000102,00000000000000000037,'en_US','Home for product module'),(00000000000000000103,00000000000000000038,'es_AR','Página de listado de artículos'),(00000000000000000104,00000000000000000038,'en_US','Product listing page'),(00000000000000000105,00000000000000000039,'es_AR','Página de estadísticas de artículos'),(00000000000000000106,00000000000000000039,'en_US','Product statistics page'),(00000000000000000107,00000000000000000040,'es_AR','Página de administración de artículos'),(00000000000000000108,00000000000000000040,'en_US','Product administration page'),(00000000000000000109,00000000000000000041,'es_AR','Página de perfil de usuario'),(00000000000000000110,00000000000000000041,'en_US','User profile page'),(00000000000000000111,00000000000000000042,'es_AR','Página de administración de accessos al sistema'),(00000000000000000112,00000000000000000042,'en_US','System access administration page'),(00000000000000000113,00000000000000000043,'en_US','Profile'),(00000000000000000114,00000000000000000043,'es_AR','Perfil');
/*!40000 ALTER TABLE `cmn_traduccion` ENABLE KEYS */;
UNLOCK TABLES;

--
-- Dumping data for table `seg_login`
--

LOCK TABLES `seg_login` WRITE;
/*!40000 ALTER TABLE `seg_login` DISABLE KEYS */;
INSERT INTO `seg_login` VALUES (00000000000000000002,00000000000000000104,'2016-05-30'),(00000000000000000003,00000000000000000106,'2016-05-30'),(00000000000000000004,00000000000000000106,'2016-05-30'),(00000000000000000005,00000000000000000106,'2016-05-30'),(00000000000000000006,00000000000000000104,'2016-05-30'),(00000000000000000007,00000000000000000106,'2016-05-30'),(00000000000000000008,00000000000000000104,'2016-05-30'),(00000000000000000009,00000000000000000106,'2016-05-30'),(00000000000000000010,00000000000000000106,'2016-05-30'),(00000000000000000011,00000000000000000106,'2016-05-30'),(00000000000000000012,00000000000000000104,'2016-05-30'),(00000000000000000013,00000000000000000106,'2016-05-30'),(00000000000000000014,00000000000000000106,'2016-05-30'),(00000000000000000015,00000000000000000106,'2016-05-30'),(00000000000000000016,00000000000000000106,'2016-05-30'),(00000000000000000017,00000000000000000106,'2016-05-30'),(00000000000000000018,00000000000000000106,'2016-05-30'),(00000000000000000019,00000000000000000106,'2016-05-30'),(00000000000000000020,00000000000000000106,'2016-05-30'),(00000000000000000021,00000000000000000106,'2016-05-30'),(00000000000000000022,00000000000000000106,'2016-05-30'),(00000000000000000023,00000000000000000106,'2016-05-30'),(00000000000000000024,00000000000000000106,'2016-05-30'),(00000000000000000025,00000000000000000104,'2016-05-30'),(00000000000000000026,00000000000000000106,'2016-05-30'),(00000000000000000027,00000000000000000106,'2016-05-30'),(00000000000000000028,00000000000000000106,'2016-05-30'),(00000000000000000029,00000000000000000106,'2016-05-30'),(00000000000000000030,00000000000000000106,'2016-05-30'),(00000000000000000031,00000000000000000106,'2016-05-30'),(00000000000000000032,00000000000000000106,'2016-05-30'),(00000000000000000033,00000000000000000106,'2016-05-30'),(00000000000000000034,00000000000000000106,'2016-05-30'),(00000000000000000035,00000000000000000106,'2016-05-30'),(00000000000000000036,00000000000000000106,'2016-05-30'),(00000000000000000037,00000000000000000106,'2016-05-30'),(00000000000000000038,00000000000000000106,'2016-05-30'),(00000000000000000039,00000000000000000106,'2016-05-30'),(00000000000000000040,00000000000000000106,'2016-05-30'),(00000000000000000041,00000000000000000106,'2016-05-31'),(00000000000000000042,00000000000000000106,'2016-05-31'),(00000000000000000043,00000000000000000106,'2016-05-31'),(00000000000000000044,00000000000000000106,'2016-05-31'),(00000000000000000045,00000000000000000106,'2016-06-01'),(00000000000000000046,00000000000000000104,'2016-06-01'),(00000000000000000047,00000000000000000104,'2016-06-02'),(00000000000000000048,00000000000000000104,'2016-06-02'),(00000000000000000049,00000000000000000104,'2016-06-02'),(00000000000000000050,00000000000000000104,'2016-06-02'),(00000000000000000051,00000000000000000104,'2016-06-03'),(00000000000000000052,00000000000000000104,'2016-06-03'),(00000000000000000053,00000000000000000104,'2016-06-03'),(00000000000000000054,00000000000000000104,'2016-06-03'),(00000000000000000055,00000000000000000104,'2016-06-03'),(00000000000000000056,00000000000000000104,'2016-06-03'),(00000000000000000057,00000000000000000104,'2016-06-03'),(00000000000000000058,00000000000000000104,'2016-06-04'),(00000000000000000059,00000000000000000104,'2016-06-05'),(00000000000000000060,00000000000000000104,'2016-06-06'),(00000000000000000061,00000000000000000104,'2018-07-20'),(00000000000000000062,00000000000000000104,'2019-05-24'),(00000000000000000063,00000000000000000104,'2019-05-24');
/*!40000 ALTER TABLE `seg_login` ENABLE KEYS */;
UNLOCK TABLES;

--
-- Dumping data for table `seg_rol`
--

LOCK TABLES `seg_rol` WRITE;
/*!40000 ALTER TABLE `seg_rol` DISABLE KEYS */;
INSERT INTO `seg_rol` VALUES (00000000000000000001,'ROLE_VENTA_ADMIN','Ventas Administrador',''),(00000000000000000002,'ROLE_VENTA_ESTAD','Ventas Estadista',''),(00000000000000000012,'ROLE_COMPR_ESTAD','Compras Estadista',''),(00000000000000000031,'ROLE_PRODU_ADMIN','Productos Administrador',''),(00000000000000000032,'ROLE_PRODU_CATAL','Productos Listado',''),(00000000000000000033,'ROLE_PRODU_ESTAD','Productos Estadista',''),(00000000000000000041,'ROLE_USUAR_ADMIN','Usuarios Administrador','Administrador de la seguridad del sistema'),(00000000000000000042,'ROLE_USUAR_ESTAD','Usuarios Estadista',''),(00000000000000000043,'ROLE_USUAR_LISTA','Usuarios Listado',''),(00000000000000000044,'ROLE_APP_ADMIN','Aplicación Administrador','Administrador de la configuración del sistema');
/*!40000 ALTER TABLE `seg_rol` ENABLE KEYS */;
UNLOCK TABLES;

--
-- Dumping data for table `seg_usuario`
--

LOCK TABLES `seg_usuario` WRITE;
/*!40000 ALTER TABLE `seg_usuario` DISABLE KEYS */;
INSERT INTO `seg_usuario` VALUES (00000000000000000100,'user_admin','user_admin','user_admin','user_admin@proeza.com.ar','$2a$10$oTBcDbxPZlyEhjK4/Q8.o.PCiqc.LwOg5IgF7e4VWAzkDMlVr0cvW',NULL),(00000000000000000101,'prod_admin','prod_admin','prod_admin','prod_admin@proeza.com.ar','$2a$10$gstdn6.1OVcOmjSxx36kJuHoH9seRgbSNYQjVTNavTBVGGxcrT6VC',NULL),(00000000000000000102,'prod_viewer','prod_viewer','prod_viewer','prod_viewer@proeza.com.ar','$2a$10$WwVnE7OeUpe1a892TJrbEOUEzTFKWiHLIM0w9WNKyxZmyGM8vmwk2',NULL),(00000000000000000103,'prod_stat','prod_stat','prod_stat','prod_stat@proeza.com.ar','$2a$10$LGpaazPGhg3U8cqTEb5bq.65GKpqYlEoRG7xEBEtnJ0ZiNN5CFz/S',NULL),(00000000000000000104,'admin','admin','admin','admin@proeza.com.ar','$2a$10$N9ba82wZVlNGgMgcO24XBeGwcE6LkEPkWvuFI8I7efa5F8VgOWXEq',NULL),(00000000000000000106,'Fede','Federico Leonel','Zarate','fede.zarate@gmail.com','$2a$10$0E9bbB/qtoNGZ2cgLcAwnOmbzf1qfKJlfLQs9DJgjochBNPQVgOMa',00000000000000000001);
/*!40000 ALTER TABLE `seg_usuario` ENABLE KEYS */;
UNLOCK TABLES;

--
-- Dumping data for table `seg_usuario_rol`
--

LOCK TABLES `seg_usuario_rol` WRITE;
/*!40000 ALTER TABLE `seg_usuario_rol` DISABLE KEYS */;
INSERT INTO `seg_usuario_rol` VALUES (00000000000000000001,00000000000000000100,00000000000000000041),(00000000000000000002,00000000000000000100,00000000000000000042),(00000000000000000003,00000000000000000100,00000000000000000043),(00000000000000000004,00000000000000000101,00000000000000000031),(00000000000000000005,00000000000000000102,00000000000000000032),(00000000000000000006,00000000000000000103,00000000000000000033),(00000000000000000015,00000000000000000104,00000000000000000043),(00000000000000000016,00000000000000000104,00000000000000000042),(00000000000000000017,00000000000000000104,00000000000000000033),(00000000000000000018,00000000000000000104,00000000000000000001),(00000000000000000019,00000000000000000104,00000000000000000041),(00000000000000000020,00000000000000000104,00000000000000000031),(00000000000000000021,00000000000000000104,00000000000000000032),(00000000000000000022,00000000000000000104,00000000000000000044),(00000000000000000024,00000000000000000106,00000000000000000001),(00000000000000000025,00000000000000000106,00000000000000000031),(00000000000000000026,00000000000000000106,00000000000000000032);
/*!40000 ALTER TABLE `seg_usuario_rol` ENABLE KEYS */;
UNLOCK TABLES;

--
-- Dumping data for table `sys_item`
--

LOCK TABLES `sys_item` WRITE;
/*!40000 ALTER TABLE `sys_item` DISABLE KEYS */;
INSERT INTO `sys_item` VALUES (00000000000000000001,'MI_HOME',1,6,'fa fa-home','/home'),(00000000000000000002,'MI_USUA',2,NULL,'fa fa-users','#'),(00000000000000000003,'MI_USUA_HOME',1,7,'fa fa-home','/usuario/home'),(00000000000000000004,'MI_ARTI',14,NULL,'fa fa-barcode','#'),(00000000000000000005,'MI_ARTI_HOME',1,10,'','/articulo/home'),(00000000000000000006,'MI_ARTI_LIST',4,11,'','/articulo/listado'),(00000000000000000007,'MI_ARTI_STATS',5,12,'','/articulo/stats'),(00000000000000000008,'MI_ARTI_ADMIN',3,13,'','/articulo/admin'),(00000000000000000009,'MI_USUA_ADMIN',3,8,'fa fa-home','/usuario/admin'),(00000000000000000010,'MI_USUA_LIST',4,9,'fa fa-home','/usuario/home'),(00000000000000000011,'CM_PLG_SALES',22,NULL,NULL,NULL),(00000000000000000012,'CM_PLG_QCASH_SALE',23,NULL,NULL,NULL),(00000000000000000013,'CM_PLG_QCRED_SALE',24,NULL,NULL,NULL),(00000000000000000014,'CM_PLG_QDEBI_SALE',25,NULL,NULL,NULL),(00000000000000000015,'CM_PLG_SEE_IMAGES',26,NULL,NULL,NULL),(00000000000000000016,'MI_APP',27,NULL,NULL,'#'),(00000000000000000017,'MI_APP_MENU',28,NULL,'fa fa-barcode','/application/admin/menu');
/*!40000 ALTER TABLE `sys_item` ENABLE KEYS */;
UNLOCK TABLES;

--
-- Dumping data for table `sys_item_rol`
--

LOCK TABLES `sys_item_rol` WRITE;
/*!40000 ALTER TABLE `sys_item_rol` DISABLE KEYS */;
INSERT INTO `sys_item_rol` VALUES (00000000000000000001,00000000000000000002,00000000000000000041),(00000000000000000002,00000000000000000002,00000000000000000042),(00000000000000000003,00000000000000000002,00000000000000000043),(00000000000000000004,00000000000000000003,00000000000000000041),(00000000000000000005,00000000000000000003,00000000000000000042),(00000000000000000006,00000000000000000003,00000000000000000043),(00000000000000000007,00000000000000000004,00000000000000000031),(00000000000000000008,00000000000000000004,00000000000000000032),(00000000000000000009,00000000000000000004,00000000000000000033),(00000000000000000014,00000000000000000006,00000000000000000032),(00000000000000000017,00000000000000000007,00000000000000000033),(00000000000000000018,00000000000000000008,00000000000000000031),(00000000000000000019,00000000000000000009,00000000000000000041),(00000000000000000022,00000000000000000010,00000000000000000041),(00000000000000000024,00000000000000000010,00000000000000000043),(00000000000000000025,00000000000000000011,00000000000000000001),(00000000000000000026,00000000000000000012,00000000000000000001),(00000000000000000027,00000000000000000013,00000000000000000001),(00000000000000000028,00000000000000000014,00000000000000000001),(00000000000000000029,00000000000000000016,00000000000000000044),(00000000000000000030,00000000000000000017,00000000000000000044);
/*!40000 ALTER TABLE `sys_item_rol` ENABLE KEYS */;
UNLOCK TABLES;

--
-- Dumping data for table `sys_item_subitem`
--

LOCK TABLES `sys_item_subitem` WRITE;
/*!40000 ALTER TABLE `sys_item_subitem` DISABLE KEYS */;
INSERT INTO `sys_item_subitem` VALUES (00000000000000000001,00000000000000000002,00000000000000000001,0),(00000000000000000002,00000000000000000004,00000000000000000005,0),(00000000000000000003,00000000000000000004,00000000000000000006,1),(00000000000000000004,00000000000000000004,00000000000000000007,2),(00000000000000000005,00000000000000000004,00000000000000000008,3),(00000000000000000006,00000000000000000002,00000000000000000009,1),(00000000000000000007,00000000000000000002,00000000000000000010,2),(00000000000000000008,00000000000000000011,00000000000000000012,1),(00000000000000000009,00000000000000000011,00000000000000000013,2),(00000000000000000010,00000000000000000011,00000000000000000014,3),(00000000000000000011,00000000000000000016,00000000000000000017,0);
/*!40000 ALTER TABLE `sys_item_subitem` ENABLE KEYS */;
UNLOCK TABLES;

--
-- Dumping data for table `sys_menu`
--

LOCK TABLES `sys_menu` WRITE;
/*!40000 ALTER TABLE `sys_menu` DISABLE KEYS */;
INSERT INTO `sys_menu` VALUES (00000000000000000001,'MAIN','Menú Principal','Para acceder al inicio de la aplicación','SIDE_LEFT',NULL),(00000000000000000002,'PROD_LIST_GRID',NULL,NULL,'CONTEXT',NULL);
/*!40000 ALTER TABLE `sys_menu` ENABLE KEYS */;
UNLOCK TABLES;

--
-- Dumping data for table `sys_menu_item`
--

LOCK TABLES `sys_menu_item` WRITE;
/*!40000 ALTER TABLE `sys_menu_item` DISABLE KEYS */;
INSERT INTO `sys_menu_item` VALUES (00000000000000000001,00000000000000000001,00000000000000000001,0),(00000000000000000002,00000000000000000001,00000000000000000002,1),(00000000000000000003,00000000000000000001,00000000000000000004,2),(00000000000000000004,00000000000000000002,00000000000000000011,1),(00000000000000000005,00000000000000000002,00000000000000000015,0),(00000000000000000006,00000000000000000001,00000000000000000016,3);
/*!40000 ALTER TABLE `sys_menu_item` ENABLE KEYS */;
UNLOCK TABLES;

--
-- Dumping data for table `sys_pagina`
--

LOCK TABLES `sys_pagina` WRITE;
/*!40000 ALTER TABLE `sys_pagina` DISABLE KEYS */;
INSERT INTO `sys_pagina` VALUES (00000000000000000001,'usuario','home',00000000000000000015,00000000000000000018,NULL),(00000000000000000002,'usuario','listado',00000000000000000015,00000000000000000019,NULL),(00000000000000000003,'usuario','admin',00000000000000000015,00000000000000000020,NULL),(00000000000000000004,'usuario','estadisticas',00000000000000000015,00000000000000000021,NULL),(00000000000000000005,'root','home',00000000000000000016,NULL,NULL),(00000000000000000006,'root','register',NULL,NULL,NULL),(00000000000000000007,'root','login',NULL,NULL,NULL),(00000000000000000008,'root','logout',NULL,NULL,NULL),(00000000000000000009,'articulo','home',00000000000000000017,00000000000000000018,NULL),(00000000000000000010,'articulo','listado',00000000000000000017,00000000000000000019,NULL),(00000000000000000011,'articulo','stats',00000000000000000017,00000000000000000021,NULL),(00000000000000000012,'articulo','admin',00000000000000000017,00000000000000000020,NULL),(00000000000000000013,'root','profile',00000000000000000043,NULL,NULL),(00000000000000000014,'application/admin','menu',00000000000000000027,00000000000000000028,NULL);
/*!40000 ALTER TABLE `sys_pagina` ENABLE KEYS */;
UNLOCK TABLES;

--
-- Dumping data for table `sys_pagina_menu`
--

LOCK TABLES `sys_pagina_menu` WRITE;
/*!40000 ALTER TABLE `sys_pagina_menu` DISABLE KEYS */;
INSERT INTO `sys_pagina_menu` VALUES (00000000000000000001,00000000000000000001,00000000000000000001),(00000000000000000002,00000000000000000002,00000000000000000001),(00000000000000000003,00000000000000000003,00000000000000000001),(00000000000000000004,00000000000000000004,00000000000000000001),(00000000000000000005,00000000000000000005,00000000000000000001),(00000000000000000006,00000000000000000006,00000000000000000001),(00000000000000000007,00000000000000000009,00000000000000000001),(00000000000000000008,00000000000000000010,00000000000000000001),(00000000000000000009,00000000000000000011,00000000000000000001),(00000000000000000010,00000000000000000012,00000000000000000001),(00000000000000000011,00000000000000000010,00000000000000000002),(00000000000000000012,00000000000000000013,00000000000000000001),(00000000000000000013,00000000000000000014,00000000000000000001);
/*!40000 ALTER TABLE `sys_pagina_menu` ENABLE KEYS */;
UNLOCK TABLES;

--
-- Dumping data for table `sys_pagina_rol`
--

LOCK TABLES `sys_pagina_rol` WRITE;
/*!40000 ALTER TABLE `sys_pagina_rol` DISABLE KEYS */;
INSERT INTO `sys_pagina_rol` VALUES (00000000000000000001,00000000000000000001,00000000000000000041),(00000000000000000002,00000000000000000002,00000000000000000041),(00000000000000000003,00000000000000000003,00000000000000000041),(00000000000000000004,00000000000000000004,00000000000000000041),(00000000000000000005,00000000000000000009,00000000000000000031),(00000000000000000006,00000000000000000010,00000000000000000031),(00000000000000000007,00000000000000000011,00000000000000000031),(00000000000000000008,00000000000000000012,00000000000000000031),(00000000000000000009,00000000000000000009,00000000000000000033),(00000000000000000010,00000000000000000010,00000000000000000033),(00000000000000000011,00000000000000000011,00000000000000000033),(00000000000000000012,00000000000000000009,00000000000000000032),(00000000000000000013,00000000000000000010,00000000000000000032),(00000000000000000014,00000000000000000005,00000000000000000001),(00000000000000000015,00000000000000000005,00000000000000000002),(00000000000000000016,00000000000000000005,00000000000000000012),(00000000000000000017,00000000000000000005,00000000000000000031),(00000000000000000018,00000000000000000005,00000000000000000032),(00000000000000000019,00000000000000000005,00000000000000000033),(00000000000000000020,00000000000000000005,00000000000000000041),(00000000000000000021,00000000000000000005,00000000000000000042),(00000000000000000022,00000000000000000005,00000000000000000043),(00000000000000000029,00000000000000000013,00000000000000000001),(00000000000000000030,00000000000000000013,00000000000000000002),(00000000000000000031,00000000000000000013,00000000000000000012),(00000000000000000032,00000000000000000013,00000000000000000031),(00000000000000000033,00000000000000000013,00000000000000000032),(00000000000000000034,00000000000000000013,00000000000000000033),(00000000000000000035,00000000000000000013,00000000000000000041),(00000000000000000036,00000000000000000013,00000000000000000042),(00000000000000000037,00000000000000000013,00000000000000000043),(00000000000000000038,00000000000000000014,00000000000000000044);
/*!40000 ALTER TABLE `sys_pagina_rol` ENABLE KEYS */;
UNLOCK TABLES;
/*!40103 SET TIME_ZONE=@OLD_TIME_ZONE */;

/*!40101 SET SQL_MODE=@OLD_SQL_MODE */;
/*!40014 SET FOREIGN_KEY_CHECKS=@OLD_FOREIGN_KEY_CHECKS */;
/*!40014 SET UNIQUE_CHECKS=@OLD_UNIQUE_CHECKS */;
/*!40101 SET CHARACTER_SET_CLIENT=@OLD_CHARACTER_SET_CLIENT */;
/*!40101 SET CHARACTER_SET_RESULTS=@OLD_CHARACTER_SET_RESULTS */;
/*!40101 SET COLLATION_CONNECTION=@OLD_COLLATION_CONNECTION */;
/*!40111 SET SQL_NOTES=@OLD_SQL_NOTES */;

-- Dump completed on 2019-05-27 18:35:43
