-- MySQL dump 10.13  Distrib 5.6.17, for Win64 (x86_64)
--
-- Host: localhost    Database: sgs_proeza_db
-- ------------------------------------------------------
-- Server version	5.6.21-log

/*!40101 SET @OLD_CHARACTER_SET_CLIENT=@@CHARACTER_SET_CLIENT */;
/*!40101 SET @OLD_CHARACTER_SET_RESULTS=@@CHARACTER_SET_RESULTS */;
/*!40101 SET @OLD_COLLATION_CONNECTION=@@COLLATION_CONNECTION */;
/*!40101 SET NAMES utf8 */;
/*!40103 SET @OLD_TIME_ZONE=@@TIME_ZONE */;
/*!40103 SET TIME_ZONE='+00:00' */;
/*!40014 SET @OLD_UNIQUE_CHECKS=@@UNIQUE_CHECKS, UNIQUE_CHECKS=0 */;
/*!40014 SET @OLD_FOREIGN_KEY_CHECKS=@@FOREIGN_KEY_CHECKS, FOREIGN_KEY_CHECKS=0 */;
/*!40101 SET @OLD_SQL_MODE=@@SQL_MODE, SQL_MODE='NO_AUTO_VALUE_ON_ZERO' */;
/*!40111 SET @OLD_SQL_NOTES=@@SQL_NOTES, SQL_NOTES=0 */;

--
-- Dumping data for table `art_articulo`
--

LOCK TABLES `art_articulo` WRITE;
/*!40000 ALTER TABLE `art_articulo` DISABLE KEYS */;
INSERT INTO `art_articulo` VALUES (00000000000000000037,'CAAIWI37','Nacional','Nacional',00000000000000000032,00000000000000000005,NULL,00000000000000000096,0.00,79.00,0),(00000000000000000038,'NAANWI38','Capa','Capa',00000000000000000031,00000000000000000071,NULL,00000000000000000096,0.00,290.00,0),(00000000000000000042,'CABOWA42','Desert -7','Desert -7',00000000000000000032,00000000000000000009,NULL,00000000000000000099,0.00,1800.00,0),(00000000000000000045,'CABOWA45','Cowl 350','Cowl 350',00000000000000000032,00000000000000000009,NULL,00000000000000000099,0.00,1100.00,0),(00000000000000000046,'CABOWA46','Loch 250','Loch 250',00000000000000000032,00000000000000000009,NULL,00000000000000000099,0.00,850.00,0),(00000000000000000047,'CABOWA47','Inca 200','Inca 200',00000000000000000032,00000000000000000009,NULL,00000000000000000099,0.00,550.00,0),(00000000000000000051,'PEBODE51','grande ','grande ',00000000000000000028,00000000000000000010,NULL,00000000000000000103,0.00,490.00,0),(00000000000000000052,'PEBODE52',' chico',' chico',00000000000000000028,00000000000000000010,NULL,00000000000000000103,0.00,410.00,0),(00000000000000000055,'PECAMA55','22 /','22 /',00000000000000000028,00000000000000000014,NULL,00000000000000000057,0.00,395.00,0),(00000000000000000056,'PECAMA56','460 L','460 L',00000000000000000028,00000000000000000014,NULL,00000000000000000057,0.00,490.00,0),(00000000000000000057,'PECAMA57','430 L','430 L',00000000000000000028,00000000000000000014,NULL,00000000000000000057,0.00,435.00,0),(00000000000000000058,'PECAMA58','350 L','350 L',00000000000000000028,00000000000000000014,NULL,00000000000000000057,0.00,350.00,0),(00000000000000000059,'PECAMA59','310 1/2 bandeja','310 1/2 bandeja',00000000000000000028,00000000000000000014,NULL,00000000000000000057,0.00,190.00,0),(00000000000000000060,'PECAMA60','320','320',00000000000000000028,00000000000000000014,NULL,00000000000000000057,0.00,165.00,0),(00000000000000000062,'CACOMA62','35lts','35lts',00000000000000000032,00000000000000000028,NULL,00000000000000000057,0.00,650.00,0),(00000000000000000063,'CACOMA63','26 lts','26 lts',00000000000000000032,00000000000000000028,NULL,00000000000000000057,0.00,490.00,0),(00000000000000000064,'CACOMA64','14 lts','14 lts',00000000000000000032,00000000000000000028,NULL,00000000000000000057,0.00,420.00,0),(00000000000000000065,'CACOMA65','5 Litros','5 Litros',00000000000000000032,00000000000000000028,NULL,00000000000000000057,0.00,350.00,0),(00000000000000000068,'CACOCO68','50 qt con ruedas','50 qt con ruedas',00000000000000000032,00000000000000000028,NULL,00000000000000000033,0.00,1390.00,0),(00000000000000000069,'CACOCO69','48 qt','48 qt',00000000000000000032,00000000000000000028,NULL,00000000000000000033,0.00,1320.00,0),(00000000000000000071,'CACOCO71','16qt','16qt',00000000000000000032,00000000000000000028,NULL,00000000000000000033,0.00,720.00,0),(00000000000000000072,'CACOCO72','5 Qt','5 Qt',00000000000000000032,00000000000000000028,NULL,00000000000000000033,0.00,440.00,0),(00000000000000000073,'CACOHE73','28 lts','28 lts',00000000000000000032,00000000000000000028,NULL,00000000000000000047,0.00,490.00,0),(00000000000000000080,'PECOEN80','Mango largo','Mango largo',00000000000000000028,00000000000000000029,NULL,00000000000000000042,0.00,0.00,0),(00000000000000000081,'PECOEN81','Mango corto','Mango corto',00000000000000000028,00000000000000000029,NULL,00000000000000000042,0.00,0.00,0),(00000000000000000083,'PECHAU83','Spining','Spining',00000000000000000028,00000000000000000025,NULL,00000000000000000024,0.00,300.00,0),(00000000000000000088,'CACACL88','1 lts  con bandolera','1 lts  con bandolera',00000000000000000032,00000000000000000076,NULL,00000000000000000107,0.00,90.00,0),(00000000000000000089,'CACACL89','1 1/2 lts con bandolera ','1 1/2 lts con bandolera ',00000000000000000032,00000000000000000076,NULL,00000000000000000107,0.00,110.00,0),(00000000000000000091,'CACACL91','Termica  1 lts','Termica  1 lts',00000000000000000032,00000000000000000076,NULL,00000000000000000107,0.00,210.00,0),(00000000000000000097,'PEENAU97','Todos los talles','Todos los talles',00000000000000000028,00000000000000000032,NULL,00000000000000000024,0.00,950.00,0),(00000000000000000104,'CAESNA104','1','1',00000000000000000032,00000000000000000033,NULL,00000000000000000065,0.00,5.00,0),(00000000000000000105,'CAESNA105','U','U',00000000000000000032,00000000000000000033,NULL,00000000000000000065,0.00,9.00,0),(00000000000000000106,'CAESNA106','Angulo 30 cm','Angulo 30 cm',00000000000000000032,00000000000000000033,NULL,00000000000000000065,0.00,13.00,0),(00000000000000000109,'CAMESI109','Grande','Grande',00000000000000000032,00000000000000000043,NULL,00000000000000000109,0.00,69.00,0),(00000000000000000112,'CAGASI112','1 Kg','1 Kg',00000000000000000032,00000000000000000079,NULL,00000000000000000109,0.00,510.00,0),(00000000000000000119,'PECASU119','Reina del PLata 425','Reina del PLata 425',00000000000000000028,00000000000000000018,00000000000000000131,00000000000000000088,0.00,1240.00,0),(00000000000000000120,'PECASU120','Speed Fish 400','Speed Fish 400',00000000000000000028,00000000000000000018,00000000000000000131,00000000000000000088,0.00,1400.00,0),(00000000000000000121,'PECASU121','Scalibur 420','Scalibur 420',00000000000000000028,00000000000000000018,00000000000000000131,00000000000000000088,0.00,1400.00,0),(00000000000000000123,'PECASU123','White Spider','White Spider',00000000000000000028,00000000000000000018,00000000000000000131,00000000000000000088,0.00,1320.00,0),(00000000000000000124,'PECASU124','Majestic 425','Majestic 425',00000000000000000028,00000000000000000018,00000000000000000131,00000000000000000088,0.00,1370.00,0),(00000000000000000125,'PECASU125','The Arrecife 410','The Arrecife 410',00000000000000000028,00000000000000000018,00000000000000000131,00000000000000000088,0.00,1050.00,0),(00000000000000000126,'PECASU126','Cochico 420','Cochico 420',00000000000000000028,00000000000000000018,00000000000000000131,00000000000000000088,0.00,1240.00,0),(00000000000000000127,'PECASU127','Chasico 410','Chasico 410',00000000000000000028,00000000000000000018,00000000000000000131,00000000000000000088,0.00,1070.00,9),(00000000000000000128,'PECASU128','River Head 430','River Head 430',00000000000000000028,00000000000000000018,00000000000000000131,00000000000000000088,0.00,1180.00,0),(00000000000000000129,'PECASU129','Cronos 430','Cronos 430',00000000000000000028,00000000000000000018,00000000000000000131,00000000000000000088,0.00,1410.00,0),(00000000000000000130,'PECASU130','Lisa 430','Lisa 430',00000000000000000028,00000000000000000018,00000000000000000131,00000000000000000088,0.00,1490.00,0),(00000000000000000131,'PECASU131','Air Blue 410','Air Blue 410',00000000000000000028,00000000000000000018,00000000000000000131,00000000000000000088,0.00,1310.00,0),(00000000000000000132,'PECAKU132','Pulse 425','Pulse 425',00000000000000000028,00000000000000000018,00000000000000000131,00000000000000000050,0.00,1400.00,0),(00000000000000000133,'PECAKU133','Force 420','Force 420',00000000000000000028,00000000000000000018,00000000000000000131,00000000000000000050,0.00,1600.00,0),(00000000000000000134,'PECAKU134','Sakura 420','Sakura 420',00000000000000000028,00000000000000000018,00000000000000000131,00000000000000000050,0.00,1400.00,0),(00000000000000000136,'PECAAL136','Revolution 400','Revolution 400',00000000000000000028,00000000000000000018,00000000000000000131,00000000000000000100,0.00,2000.00,0),(00000000000000000139,'PECASU139','Flecha de Plata 430','Flecha de Plata 430',00000000000000000028,00000000000000000018,00000000000000000131,00000000000000000088,0.00,1500.00,0),(00000000000000000140,'PECASU140','Flecha de Plata 410','Flecha de Plata 410',00000000000000000028,00000000000000000018,00000000000000000131,00000000000000000088,0.00,1200.00,0),(00000000000000000142,'PECASU142','Dark Water 320','Dark Water 320',00000000000000000028,00000000000000000018,00000000000000000131,00000000000000000088,0.00,950.00,0),(00000000000000000143,'PECASU143','Dark Water 360','Dark Water 360',00000000000000000028,00000000000000000018,00000000000000000131,00000000000000000088,0.00,1050.00,0),(00000000000000000144,'PECASU144','Variant','Variant',00000000000000000028,00000000000000000018,00000000000000000131,00000000000000000088,0.00,1600.00,0),(00000000000000000148,'PECASU148','Surpress 400','Surpress 400',00000000000000000028,00000000000000000018,00000000000000000131,00000000000000000088,0.00,1550.00,0),(00000000000000000149,'PECASU149','Mar Caspio 400','Mar Caspio 400',00000000000000000028,00000000000000000018,00000000000000000131,00000000000000000088,0.00,880.00,0),(00000000000000000150,'PECASU150','CBR','CBR',00000000000000000028,00000000000000000018,00000000000000000127,00000000000000000088,0.00,700.00,0),(00000000000000000151,'PECASU151','Billy fish','Billy fish',00000000000000000028,00000000000000000018,00000000000000000127,00000000000000000088,0.00,650.00,0),(00000000000000000152,'PECASU152','Pejerrey Limite 360','Pejerrey Limite 360',00000000000000000028,00000000000000000018,00000000000000000127,00000000000000000088,0.00,700.00,0),(00000000000000000153,'PECASU153','Zamba 400','Zamba 400',00000000000000000028,00000000000000000018,00000000000000000127,00000000000000000088,0.00,740.00,0),(00000000000000000174,'PECASI174','Dessert 195','Dessert 195',00000000000000000028,00000000000000000018,00000000000000000124,00000000000000000112,0.00,1120.00,0),(00000000000000000175,'PECASI175','Rooster 195','Rooster 195',00000000000000000028,00000000000000000018,00000000000000000124,00000000000000000112,0.00,990.00,0),(00000000000000000179,'PECASU179','Discovery 210','Discovery 210',00000000000000000028,00000000000000000018,00000000000000000124,00000000000000000088,0.00,890.00,0),(00000000000000000185,'PECASU185','Hurricane Max 240','Hurricane Max 240',00000000000000000028,00000000000000000018,00000000000000000124,00000000000000000088,0.00,1100.00,0),(00000000000000000186,'PECASU186','Hurricane Max 300','Hurricane Max 300',00000000000000000028,00000000000000000018,00000000000000000124,00000000000000000088,0.00,1290.00,0),(00000000000000000193,'PECASU193','Surf Force 390','Surf Force 390',00000000000000000028,00000000000000000018,00000000000000000124,00000000000000000088,0.00,1610.00,0),(00000000000000000202,'PECASU202','Atractive 210','Atractive 210',00000000000000000028,00000000000000000018,00000000000000000124,00000000000000000088,0.00,855.00,0),(00000000000000000203,'PECASU203','Atractive 240','Atractive 240',00000000000000000028,00000000000000000018,00000000000000000124,00000000000000000088,0.00,950.00,0),(00000000000000000206,'PECAKU206','Scorpius 210','Scorpius 210',00000000000000000028,00000000000000000018,00000000000000000124,00000000000000000050,0.00,1100.00,0),(00000000000000000231,'CALUDO231','Grande','Grande',00000000000000000032,00000000000000000094,NULL,00000000000000000040,0.00,290.00,0),(00000000000000000232,'CALUDO232','Mediana','Mediana',00000000000000000032,00000000000000000094,NULL,00000000000000000040,0.00,250.00,0),(00000000000000000233,'CALUDO233','Chica','Chica',00000000000000000032,00000000000000000094,NULL,00000000000000000040,0.00,220.00,0),(00000000000000000234,'CALUDO234','Mini','Mini',00000000000000000032,00000000000000000094,NULL,00000000000000000040,0.00,160.00,0),(00000000000000000247,'CACOCO247','Extreme 52qt ','Extreme 52qt ',00000000000000000032,00000000000000000028,NULL,00000000000000000033,0.00,1890.00,0),(00000000000000000248,'CAESNA248','Angulo 23 cm','Angulo 23 cm',00000000000000000032,00000000000000000033,NULL,00000000000000000065,0.00,12.00,0),(00000000000000000255,'CACOCO255','Termo 1.8 lts','Termo 1.8 lts',00000000000000000032,00000000000000000028,NULL,00000000000000000033,0.00,285.00,0),(00000000000000000259,'PEFUSI259','2.20 2.40 mts','2.20 2.40 mts',00000000000000000028,00000000000000000082,NULL,00000000000000000109,0.00,49.00,0),(00000000000000000260,'PEFUSI260','1.60 1.80 2mts','1.60 1.80 2mts',00000000000000000028,00000000000000000082,NULL,00000000000000000109,0.00,45.00,0),(00000000000000000261,'PEFUSI261','1.20 1.40 mts','1.20 1.40 mts',00000000000000000028,00000000000000000082,NULL,00000000000000000109,0.00,39.00,0),(00000000000000000263,'CAMAWI263','Doble','Doble',00000000000000000032,00000000000000000085,NULL,00000000000000000096,0.00,100.00,0),(00000000000000000265,'PECASI265','Sinetic 240','Sinetic 240',00000000000000000028,00000000000000000018,00000000000000000124,00000000000000000112,0.00,1210.00,0),(00000000000000000271,'PECASU271','Hercules 390','Hercules 390',00000000000000000028,00000000000000000018,00000000000000000132,00000000000000000088,0.00,790.00,0),(00000000000000000274,'PECAWA274','Strong 3905','Strong 3905',00000000000000000028,00000000000000000018,00000000000000000132,00000000000000000099,0.00,760.00,0),(00000000000000000277,'PECASI277','Dessert 210','Dessert 210',00000000000000000028,00000000000000000018,00000000000000000124,00000000000000000112,0.00,1150.00,0),(00000000000000000279,'CACANA279','8 pers 3x2x180','8 pers 3x2x180',00000000000000000032,00000000000000000016,NULL,00000000000000000065,0.00,3900.00,0),(00000000000000000280,'CACANA280','6 pers 240x2x180','6 pers 240x2x180',00000000000000000032,00000000000000000016,NULL,00000000000000000065,0.00,3300.00,0),(00000000000000000281,'CACANA281','4 pers 190x2x165','4 pers 190x2x165',00000000000000000032,00000000000000000016,NULL,00000000000000000065,0.00,2900.00,0),(00000000000000000298,'CAMESI298','Valija 4 bancos','Valija 4 bancos',00000000000000000032,00000000000000000045,NULL,00000000000000000109,0.00,790.00,0),(00000000000000000301,'PEGOWA301','Legionario eco ','Legionario eco ',00000000000000000028,00000000000000000037,NULL,00000000000000000099,0.00,89.00,0),(00000000000000000315,'PECAWA315','Stratus 195 ','Stratus 195 ',00000000000000000028,00000000000000000018,00000000000000000126,00000000000000000099,0.00,840.00,0),(00000000000000000316,'PECAWA316','Stratus 210','Stratus 210',00000000000000000028,00000000000000000018,00000000000000000126,00000000000000000099,0.00,950.00,0),(00000000000000000327,'PECASU327','American Sea 50 215','American Sea 50 215',00000000000000000028,00000000000000000018,00000000000000000126,00000000000000000088,0.00,790.00,0),(00000000000000000330,'PECASU330','Navegator 40  215','Navegator 40  215',00000000000000000028,00000000000000000018,00000000000000000126,00000000000000000088,0.00,890.00,0),(00000000000000000331,'PECASU331','Mtx 210','Mtx 210',00000000000000000028,00000000000000000018,00000000000000000126,00000000000000000088,0.00,990.00,0),(00000000000000000332,'PECASU332','Mtx 190 ','Mtx 190 ',00000000000000000028,00000000000000000018,00000000000000000126,00000000000000000088,0.00,790.00,0),(00000000000000000339,'PECAOM339','Green River 200','Green River 200',00000000000000000028,00000000000000000018,00000000000000000126,00000000000000000072,0.00,1250.00,0),(00000000000000000342,'PEBONU342','Chico ','Chico ',00000000000000000028,00000000000000000010,NULL,00000000000000000117,0.00,0.00,0),(00000000000000000343,'PECASU343','Undercast 210','Undercast 210',00000000000000000028,00000000000000000018,00000000000000000126,00000000000000000088,0.00,1190.00,0),(00000000000000000368,'PECASU368','B O G 210 ','B O G 210 ',00000000000000000028,00000000000000000018,00000000000000000126,00000000000000000088,0.00,600.00,0),(00000000000000000369,'PECASU369','Corrientes 240 ','Corrientes 240 ',00000000000000000028,00000000000000000018,00000000000000000123,00000000000000000088,0.00,790.00,0),(00000000000000000379,'CABOWI379','Familiar doble manta C/ desmontae','Familiar doble manta C/ desmontae',00000000000000000032,00000000000000000009,NULL,00000000000000000096,0.00,590.00,0),(00000000000000000380,'CABOWI380','Scout C/ largo','Scout C/ largo',00000000000000000032,00000000000000000009,NULL,00000000000000000096,0.00,480.00,0),(00000000000000000381,'CABOWI381','Junior c/ corto','Junior c/ corto',00000000000000000032,00000000000000000009,NULL,00000000000000000096,0.00,330.00,0),(00000000000000000382,'CAPOWI382','Doble ','Doble ',00000000000000000032,00000000000000000099,NULL,00000000000000000096,0.00,110.00,0),(00000000000000000397,'CAMEWA397','Mesa TBS 807 Plegable (mesa sin bancos)or','Mesa TBS 807 Plegable (mesa sin bancos)or',00000000000000000032,00000000000000000045,NULL,00000000000000000099,0.00,950.00,0),(00000000000000000399,'PECASU399','JMP 400','JMP 400',00000000000000000028,00000000000000000018,00000000000000000130,00000000000000000088,0.00,510.00,0),(00000000000000000401,'PECASU401','B O G 240','B O G 240',00000000000000000028,00000000000000000018,00000000000000000126,00000000000000000088,0.00,700.00,0),(00000000000000000403,'PECASU403','Lisa 410','Lisa 410',00000000000000000028,00000000000000000018,00000000000000000131,00000000000000000088,0.00,1390.00,0),(00000000000000000408,'PECASP408','Titan 270','Titan 270',00000000000000000028,00000000000000000018,00000000000000000129,00000000000000000081,0.00,510.00,0),(00000000000000000409,'PECASP409','Titan 300','Titan 300',00000000000000000028,00000000000000000018,00000000000000000129,00000000000000000081,0.00,590.00,0),(00000000000000000410,'PECAWA410','Absolut 270','Absolut 270',00000000000000000028,00000000000000000018,00000000000000000129,00000000000000000099,0.00,470.00,0),(00000000000000000413,'NASARO413','994 Poncho Aprobado Niño','994 Poncho Aprobado Niño',00000000000000000031,00000000000000000104,NULL,00000000000000000078,0.00,265.00,0),(00000000000000000414,'NASARO414','992 Poncho Aprobado Adulto','992 Poncho Aprobado Adulto',00000000000000000031,00000000000000000104,NULL,00000000000000000078,0.00,310.00,0),(00000000000000000420,'PEWAAL420','Con botas','Con botas',00000000000000000028,00000000000000000068,NULL,00000000000000000100,0.00,990.00,0),(00000000000000000432,'PECAWA432','Alpha 400','Alpha 400',00000000000000000028,00000000000000000018,00000000000000000130,00000000000000000099,0.00,490.00,0),(00000000000000000434,'PECAWA434','Malivet 350','Malivet 350',00000000000000000028,00000000000000000018,00000000000000000132,00000000000000000099,0.00,760.00,0),(00000000000000000436,'PECAWA436','Blue Line 300','Blue Line 300',00000000000000000028,00000000000000000018,00000000000000000123,00000000000000000099,0.00,650.00,0),(00000000000000000437,'PECAWA437','Blue Line 270','Blue Line 270',00000000000000000028,00000000000000000018,00000000000000000123,00000000000000000099,0.00,600.00,0),(00000000000000000438,'PECAWA438','Blue Line 240','Blue Line 240',00000000000000000028,00000000000000000018,00000000000000000123,00000000000000000099,0.00,550.00,0),(00000000000000000454,'PECASU454','Rio Parana 210 m','Rio Parana 210 m',00000000000000000028,00000000000000000018,00000000000000000123,00000000000000000088,0.00,440.00,0),(00000000000000000462,'PECASU462','Rio Parana 270 m','Rio Parana 270 m',00000000000000000028,00000000000000000018,00000000000000000123,00000000000000000088,0.00,570.00,0),(00000000000000000463,'PECASU463','Rio Parana 240 m','Rio Parana 240 m',00000000000000000028,00000000000000000018,00000000000000000123,00000000000000000088,0.00,490.00,0),(00000000000000000467,'PECAWA467','Coral 360','Coral 360',00000000000000000028,00000000000000000018,00000000000000000125,00000000000000000099,0.00,890.00,0),(00000000000000000469,'PECASU469','Team Competition 430','Team Competition 430',00000000000000000028,00000000000000000018,00000000000000000131,00000000000000000088,0.00,1425.00,0),(00000000000000000471,'PECASI471','Dia Crystal 430','Dia Crystal 430',00000000000000000028,00000000000000000018,00000000000000000131,00000000000000000112,0.00,1590.00,0),(00000000000000000473,'PECASI473','Speedmaster 430 ','Speedmaster 430 ',00000000000000000028,00000000000000000018,00000000000000000131,00000000000000000112,0.00,1500.00,0),(00000000000000000477,'PECASU477','Hot River 300','Hot River 300',00000000000000000028,00000000000000000018,00000000000000000130,00000000000000000088,0.00,400.00,0),(00000000000000000478,'PECASU478','Hot River 350','Hot River 350',00000000000000000028,00000000000000000018,00000000000000000130,00000000000000000088,0.00,450.00,0),(00000000000000000479,'PECASU479','Flecha de Oro 430','Flecha de Oro 430',00000000000000000028,00000000000000000018,00000000000000000131,00000000000000000088,0.00,1490.00,0),(00000000000000000480,'PECASU480','Minotauro 400','Minotauro 400',00000000000000000028,00000000000000000018,00000000000000000131,00000000000000000088,0.00,1390.00,0),(00000000000000000482,'PECASU482','Coast 360','Coast 360',00000000000000000028,00000000000000000018,00000000000000000130,00000000000000000088,0.00,790.00,0),(00000000000000000483,'PETRAL483','Todos los talles','Todos los talles',00000000000000000028,00000000000000000065,NULL,00000000000000000100,0.00,290.00,0),(00000000000000000494,'NAACYA494','De motor ','De motor ',00000000000000000031,00000000000000000091,NULL,00000000000000000097,0.00,100.00,0),(00000000000000000523,'NAACRO523','1413 Acople Lavamotor','1413 Acople Lavamotor',00000000000000000031,00000000000000000115,NULL,00000000000000000078,0.00,90.00,0),(00000000000000000525,'NABERO525','1341 De mano (roja) x unidad ','1341 De mano (roja) x unidad ',00000000000000000031,00000000000000000118,NULL,00000000000000000078,0.00,360.00,0),(00000000000000000530,'NAMARO530','396 400 Kg (Relación 5:1)','396 400 Kg (Relación 5:1)',00000000000000000031,00000000000000000125,NULL,00000000000000000078,0.00,470.00,0),(00000000000000000531,'NAMARO531','397 800 Kg (Relación 4:1) ','397 800 Kg (Relación 4:1) ',00000000000000000031,00000000000000000125,NULL,00000000000000000078,0.00,630.00,0),(00000000000000000533,'NAPORO533','541 Embutir Bronce Cromado','541 Embutir Bronce Cromado',00000000000000000031,00000000000000000057,NULL,00000000000000000078,0.00,170.00,0),(00000000000000000534,'NAPORO534','545 Exterior Bronce Cromado','545 Exterior Bronce Cromado',00000000000000000031,00000000000000000057,NULL,00000000000000000078,0.00,175.00,0),(00000000000000000536,'NASAAL536','1131 ski L - 3 cinturones (Aprobados por P.N.A) ','1131 ski L - 3 cinturones (Aprobados por P.N.A) ',00000000000000000031,00000000000000000104,NULL,00000000000000000013,0.00,710.00,0),(00000000000000000538,'NASAAL538','1130 ski M - 3 cinturones (Aprobados por P.N.A) ','1130 ski M - 3 cinturones (Aprobados por P.N.A) ',00000000000000000031,00000000000000000104,NULL,00000000000000000013,0.00,690.00,0),(00000000000000000539,'NASAAL539','1129 ski S - 3 cinturones (Aprobados por P.N.A) ','1129 ski S - 3 cinturones (Aprobados por P.N.A) ',00000000000000000031,00000000000000000104,NULL,00000000000000000013,0.00,640.00,0),(00000000000000000540,'NASAAL540','1128 ski XS - 3 cinturones (Aprobados por P.N.A) ','1128 ski XS - 3 cinturones (Aprobados por P.N.A) ',00000000000000000031,00000000000000000104,NULL,00000000000000000013,0.00,610.00,0),(00000000000000000541,'NAPERO541','1416 Grande Nacional (Con resorte)','1416 Grande Nacional (Con resorte)',00000000000000000031,00000000000000000126,NULL,00000000000000000078,0.00,95.00,0),(00000000000000000543,'NATARO543','1512 12 litros (L: 35 cm X A. 26 cm X Al: 25 cm)','1512 12 litros (L: 35 cm X A. 26 cm X Al: 25 cm)',00000000000000000031,00000000000000000127,NULL,00000000000000000078,0.00,495.00,0),(00000000000000000544,'NATARO544','1513 24 litros  (L: 47 cm X A. 32 cm X Al: 25 cm)','1513 24 litros  (L: 47 cm X A. 32 cm X Al: 25 cm)',00000000000000000031,00000000000000000127,NULL,00000000000000000078,0.00,790.00,0),(00000000000000000552,'CACOCO552','9 Qt','9 Qt',00000000000000000032,00000000000000000028,NULL,00000000000000000033,0.00,560.00,0),(00000000000000000556,'CAMEAU556','Todos los talles','Todos los talles',00000000000000000032,00000000000000000130,NULL,00000000000000000024,0.00,80.00,0),(00000000000000000557,'CABOWA557','Gravity 250','Gravity 250',00000000000000000032,00000000000000000009,NULL,00000000000000000099,0.00,660.00,0),(00000000000000000558,'PECASP558','Telecaster 400','Telecaster 400',00000000000000000028,00000000000000000018,00000000000000000132,00000000000000000081,0.00,890.00,0),(00000000000000000563,'NASARO563','1104 Torpedo Baywatch ','1104 Torpedo Baywatch ',00000000000000000031,00000000000000000104,NULL,00000000000000000078,0.00,340.00,0),(00000000000000000564,'PETRLE564','Todos los talles','Todos los talles',00000000000000000028,00000000000000000065,NULL,00000000000000000052,0.00,600.00,0),(00000000000000000567,'NAPORO567','225 Carcasa de chapa 1 7/8 50mm ','225 Carcasa de chapa 1 7/8 50mm ',00000000000000000031,00000000000000000136,NULL,00000000000000000078,0.00,210.00,0),(00000000000000000568,'NAPORO568','222 Carcasa de fundicion 1 7/8','222 Carcasa de fundicion 1 7/8',00000000000000000031,00000000000000000136,NULL,00000000000000000078,0.00,210.00,0),(00000000000000000580,'CACAWA580','Andes 4p','Andes 4p',00000000000000000032,00000000000000000016,NULL,00000000000000000099,0.00,4290.00,0),(00000000000000000583,'CACAWA583','Screen House (300X300X200)','Screen House (300X300X200)',00000000000000000032,00000000000000000016,NULL,00000000000000000099,0.00,5300.00,0),(00000000000000000584,'CACAWA584','California (3.00X2.00X2.00) ','California (3.00X2.00X2.00) ',00000000000000000032,00000000000000000016,NULL,00000000000000000099,0.00,6850.00,0),(00000000000000000585,'CACAWA585','Patagonia 6p (5.00 X 2.20 X 2.00)','Patagonia 6p (5.00 X 2.20 X 2.00)',00000000000000000032,00000000000000000016,NULL,00000000000000000099,0.00,7290.00,0),(00000000000000000586,'CACAWA586','Martial 6p (240 X280+120X180)','Martial 6p (240 X280+120X180)',00000000000000000032,00000000000000000016,NULL,00000000000000000099,0.00,5800.00,0),(00000000000000000587,'CACAWA587','Tundra 6p (3.40X2.70X1.80)','Tundra 6p (3.40X2.70X1.80)',00000000000000000032,00000000000000000016,NULL,00000000000000000099,0.00,4900.00,0),(00000000000000000592,'CACAWA592','Terra 3p (1.50X2.00X1.05)','Terra 3p (1.50X2.00X1.05)',00000000000000000032,00000000000000000016,NULL,00000000000000000099,0.00,1900.00,0),(00000000000000000593,'CACAWA593','Explorer 3p (1.50X2.50X1.20)','Explorer 3p (1.50X2.50X1.20)',00000000000000000032,00000000000000000016,NULL,00000000000000000099,0.00,2350.00,0),(00000000000000000594,'CACAWA594','Dome II 3p','Dome II 3p',00000000000000000032,00000000000000000016,NULL,00000000000000000099,0.00,2250.00,0),(00000000000000000596,'CACAWA596','Aconcagua plus 4p','Aconcagua plus 4p',00000000000000000032,00000000000000000016,NULL,00000000000000000099,0.00,2900.00,0),(00000000000000000598,'PECAFL598','Alpha 400','Alpha 400',00000000000000000028,00000000000000000018,00000000000000000130,00000000000000000118,0.00,590.00,0),(00000000000000000602,'PECABA602','Pejerrey 4500','Pejerrey 4500',00000000000000000028,00000000000000000018,00000000000000000131,00000000000000000130,0.00,1490.00,0),(00000000000000000603,'PECAFL603','Camou 400','Camou 400',00000000000000000028,00000000000000000018,00000000000000000131,00000000000000000131,0.00,1350.00,0),(00000000000000000604,'PECASU604','Black Fish','Black Fish',00000000000000000028,00000000000000000018,00000000000000000131,00000000000000000088,0.00,1300.00,0),(00000000000000000607,'NARORO607','368 Naranja U para jet ski ','368 Naranja U para jet ski ',00000000000000000031,00000000000000000170,NULL,00000000000000000078,0.00,155.00,0),(00000000000000000610,'NARORO610','364 Proa recto c/pared c/tapas REDONDAS laterales(','364 Proa recto c/pared c/tapas REDONDAS laterales(85 mm)',00000000000000000031,00000000000000000170,NULL,00000000000000000078,0.00,125.00,0),(00000000000000000615,'NARORO615','335 Recto (200 cm)','335 Recto (200 cm)',00000000000000000031,00000000000000000170,NULL,00000000000000000078,0.00,145.00,0),(00000000000000000616,'NARORO616','331 Doble mini cono (85 mm) ','331 Doble mini cono (85 mm) ',00000000000000000031,00000000000000000170,NULL,00000000000000000078,0.00,90.00,0),(00000000000000000617,'NARORO617','365 Proa doble mini cono c/tapas REDONDAS laterale','365 Proa doble mini cono c/tapas REDONDAS laterales(85 mm)',00000000000000000031,00000000000000000169,NULL,00000000000000000078,0.00,160.00,0),(00000000000000000618,'NARORO618','334 Doble cono (265 cm)','334 Doble cono (265 cm)',00000000000000000031,00000000000000000170,NULL,00000000000000000078,0.00,290.00,0),(00000000000000000619,'NARORO619','336 Recto c/ pared','336 Recto c/ pared',00000000000000000031,00000000000000000170,NULL,00000000000000000078,0.00,65.00,0),(00000000000000000622,'NARORO622','333 Doble cono (190 cm)','333 Doble cono (190 cm)',00000000000000000031,00000000000000000170,NULL,00000000000000000078,0.00,230.00,0),(00000000000000000623,'NARORO623','332 Doble cono (150 cm)','332 Doble cono (150 cm)',00000000000000000031,00000000000000000170,NULL,00000000000000000078,0.00,150.00,0),(00000000000000000625,'NAVDRO625','342 Repuesto Goma Sola','342 Repuesto Goma Sola',00000000000000000031,00000000000000000139,NULL,00000000000000000078,0.00,115.00,0),(00000000000000000629,'NACIRO629','433 Para Malacate 6m','433 Para Malacate 6m',00000000000000000031,00000000000000000111,NULL,00000000000000000078,0.00,130.00,0),(00000000000000000630,'NACIRO630','434 7.50 Metros (reforzada) ','434 7.50 Metros (reforzada) ',00000000000000000031,00000000000000000111,NULL,00000000000000000078,0.00,200.00,0),(00000000000000000631,'NACIRO631','481 Con crike 6 Metros (40 MM) REFORZADA ','481 Con crike 6 Metros (40 MM) REFORZADA ',00000000000000000031,00000000000000000111,NULL,00000000000000000078,0.00,220.00,0),(00000000000000000632,'NACARO632','1344 27,5 mts (oficial) Para salvavida circular','1344 27,5 mts (oficial) Para salvavida circular',00000000000000000031,00000000000000000145,NULL,00000000000000000078,0.00,85.00,0),(00000000000000000633,'NABORO633','229 Cromada 1 7/8\"','229 Cromada 1 7/8\"',00000000000000000031,00000000000000000112,NULL,00000000000000000078,0.00,120.00,0),(00000000000000000641,'NAPARO641','1696 Canadiense 120','1696 Canadiense 120',00000000000000000031,00000000000000000148,NULL,00000000000000000078,0.00,165.00,0),(00000000000000000642,'NAPARO642','1698 Doble Plana 210','1698 Doble Plana 210',00000000000000000031,00000000000000000148,NULL,00000000000000000078,0.00,280.00,0),(00000000000000000643,'NAPARO643','1700 Doble Desarmable 210','1700 Doble Desarmable 210',00000000000000000031,00000000000000000148,NULL,00000000000000000078,0.00,330.00,0),(00000000000000000644,'NAPARO644','1702 Doble Cucharita 210','1702 Doble Cucharita 210',00000000000000000031,00000000000000000148,NULL,00000000000000000078,0.00,330.00,0),(00000000000000000648,'NAANRO648','101 Danfor 4kg','101 Danfor 4kg',00000000000000000031,00000000000000000071,NULL,00000000000000000078,0.00,390.00,0),(00000000000000000649,'NAANRO649','100 Danfor 2kg','100 Danfor 2kg',00000000000000000031,00000000000000000071,NULL,00000000000000000078,0.00,180.00,0),(00000000000000000651,'NAANRO651','121 Imperdible A7 (RA 7) recom. embarcaciones de 4','121 Imperdible A7 (RA 7) recom. embarcaciones de 4,5 a 5,7 mts ',00000000000000000031,00000000000000000071,NULL,00000000000000000078,0.00,225.00,0),(00000000000000000652,'NAANRO652','120 Imperdible A5 (RA 5) recom. embarcaciones de 3','120 Imperdible A5 (RA 5) recom. embarcaciones de 3 a 4,5mts ',00000000000000000031,00000000000000000071,NULL,00000000000000000078,0.00,165.00,0),(00000000000000000653,'NAANRO653','102 Danfor 6kg','102 Danfor 6kg',00000000000000000031,00000000000000000071,NULL,00000000000000000078,0.00,530.00,0),(00000000000000000654,'NAANRO654','147 Plegable 6 kg estrella','147 Plegable 6 kg estrella',00000000000000000031,00000000000000000071,NULL,00000000000000000078,0.00,640.00,0),(00000000000000000655,'NAANRO655','146 Plegable 4 kg estrella','146 Plegable 4 kg estrella',00000000000000000031,00000000000000000071,NULL,00000000000000000078,0.00,460.00,0),(00000000000000000656,'NAANRO656','144 Plegable 2.50kg estrella','144 Plegable 2.50kg estrella',00000000000000000031,00000000000000000071,NULL,00000000000000000078,0.00,280.00,0),(00000000000000000657,'NAANRO657','143 Plegable 1.50kg estrella','143 Plegable 1.50kg estrella',00000000000000000031,00000000000000000071,NULL,00000000000000000078,0.00,215.00,0),(00000000000000000658,'NACURO658','223 Traba Enganche','223 Traba Enganche',00000000000000000031,00000000000000000114,NULL,00000000000000000078,0.00,45.00,0),(00000000000000000661,'PECASU661','Rio Parana 330 m','Rio Parana 330 m',00000000000000000028,00000000000000000018,00000000000000000123,00000000000000000088,0.00,750.00,0),(00000000000000000662,'PECASU662','Rio Parana 3 m','Rio Parana 3 m',00000000000000000028,00000000000000000018,00000000000000000123,00000000000000000088,0.00,650.00,0),(00000000000000000667,'PECASU667','Surf max 390','Surf max 390',00000000000000000028,00000000000000000018,00000000000000000124,00000000000000000088,0.00,1600.00,0),(00000000000000000759,'PECAWA759','Absolut 300','Absolut 300',00000000000000000028,00000000000000000018,00000000000000000129,00000000000000000099,0.00,510.00,0),(00000000000000000765,'PECAMA765','IMS 210','IMS 210',00000000000000000028,00000000000000000018,00000000000000000124,00000000000000000133,0.00,1100.00,0),(00000000000000000766,'PECAMA766','IMS 190','IMS 190',00000000000000000028,00000000000000000018,00000000000000000124,00000000000000000133,0.00,890.00,0),(00000000000000000782,'PECAMA782','430 S (1/2 bandeja)','430 S (1/2 bandeja)',00000000000000000028,00000000000000000014,NULL,00000000000000000057,0.00,435.00,0),(00000000000000000796,'PEROAU796','Individual','Individual',00000000000000000028,00000000000000000162,NULL,00000000000000000024,0.00,95.00,0),(00000000000000000813,'NAFIRO813','297 5 puntos PVC para amurar','297 5 puntos PVC para amurar',00000000000000000031,00000000000000000106,NULL,00000000000000000078,0.00,190.00,0),(00000000000000000818,'PECAWA818','Agressor 300','Agressor 300',00000000000000000028,00000000000000000018,00000000000000000130,00000000000000000099,0.00,470.00,0),(00000000000000000822,'NASARO822','998 Circular Aprobado 55 cm. naranja (mod. parana ','998 Circular Aprobado 55 cm. naranja (mod. parana No solas) ',00000000000000000031,00000000000000000104,NULL,00000000000000000078,0.00,750.00,0),(00000000000000000827,'CASIWA827','Director Plegable 65283','Director Plegable 65283',00000000000000000032,00000000000000000061,NULL,00000000000000000099,0.00,685.00,0),(00000000000000000832,'CACAWA832','Cadaques 5p','Cadaques 5p',00000000000000000032,00000000000000000016,NULL,00000000000000000099,0.00,4850.00,0),(00000000000000000833,'CACAWA833','Caravan (1.20+2.60+1.50X2.80X1.90)','Caravan (1.20+2.60+1.50X2.80X1.90)',00000000000000000032,00000000000000000016,NULL,00000000000000000099,0.00,6800.00,0),(00000000000000000834,'CACAWA834','Bravo 5p','Bravo 5p',00000000000000000032,00000000000000000016,NULL,00000000000000000099,0.00,4000.00,0),(00000000000000000841,'PECASU841','Supra 210','Supra 210',00000000000000000028,00000000000000000018,00000000000000000126,00000000000000000088,0.00,890.00,0),(00000000000000000848,'NACARO848','173 Galvanizada 2 mts.','173 Galvanizada 2 mts.',00000000000000000031,00000000000000000120,NULL,00000000000000000078,0.00,180.00,0),(00000000000000000849,'NACARO849','220 Seguridad Trailer Galvanizada (con gancho)','220 Seguridad Trailer Galvanizada (con gancho)',00000000000000000031,00000000000000000120,NULL,00000000000000000078,0.00,180.00,0),(00000000000000000854,'PECASU854','Pejerrey Limite 400','Pejerrey Limite 400',00000000000000000028,00000000000000000018,00000000000000000127,00000000000000000088,0.00,740.00,0),(00000000000000000855,'NAANRO855','123 Imperdible A13 (RA13) recom. embarcaciones de ','123 Imperdible A13 (RA13) recom. embarcaciones de 6,3 a 7,5 mts ',00000000000000000031,00000000000000000071,NULL,00000000000000000078,0.00,300.00,0),(00000000000000000856,'NAANRO856','122 Imperdible A10 (RA 10) recom. embarcaciones de','122 Imperdible A10 (RA 10) recom. embarcaciones de 5,7 a 6,3mts ',00000000000000000031,00000000000000000071,NULL,00000000000000000078,0.00,260.00,0),(00000000000000000857,'NAFIRO857','298 7 puntos Alum. para amurar','298 7 puntos Alum. para amurar',00000000000000000031,00000000000000000106,NULL,00000000000000000078,0.00,290.00,0),(00000000000000000858,'NAFIRO858','295 5 puntos Area redonda','295 5 puntos Area redonda',00000000000000000031,00000000000000000106,NULL,00000000000000000078,0.00,70.00,0),(00000000000000000860,'NAPORO860','226 Carcasa de chapa 1 7/8 65mm ','226 Carcasa de chapa 1 7/8 65mm ',00000000000000000031,00000000000000000113,NULL,00000000000000000078,0.00,230.00,0),(00000000000000000861,'NASAAL861','1132 ski XL - 3 cinturones (Aprobados por P.N.A) ','1132 ski XL - 3 cinturones (Aprobados por P.N.A) ',00000000000000000031,00000000000000000104,NULL,00000000000000000013,0.00,750.00,0),(00000000000000000862,'PECAWA862','DYW 330','DYW 330',00000000000000000028,00000000000000000018,00000000000000000130,00000000000000000099,0.00,650.00,0),(00000000000000000863,'PECASP863','Titan 240','Titan 240',00000000000000000028,00000000000000000018,00000000000000000129,00000000000000000081,0.00,440.00,0),(00000000000000000864,'CACOHE864','lunchera ','lunchera ',00000000000000000032,00000000000000000028,NULL,00000000000000000047,0.00,330.00,0),(00000000000000000865,'PECASI865','Astra 195','Astra 195',00000000000000000028,00000000000000000018,00000000000000000124,00000000000000000112,0.00,780.00,0),(00000000000000000869,'PECASI869','the runner 210','the runner 210',00000000000000000028,00000000000000000018,00000000000000000126,00000000000000000112,0.00,1100.00,0),(00000000000000000870,'PECASP870','Telecaster 360','Telecaster 360',00000000000000000028,00000000000000000018,00000000000000000130,00000000000000000081,0.00,780.00,0),(00000000000000000875,'PECASP875','titan 360','titan 360',00000000000000000028,00000000000000000018,00000000000000000132,00000000000000000081,0.00,750.00,0),(00000000000000000876,'CACOHE876','10 Lts.','10 Lts.',00000000000000000032,00000000000000000028,NULL,00000000000000000047,0.00,390.00,0),(00000000000000000878,'CABOWA878','highlang450','highlang450',00000000000000000032,00000000000000000009,NULL,00000000000000000099,0.00,1300.00,0),(00000000000000000879,'NAPARO879','doble cucharita desarmable','doble cucharita desarmable',00000000000000000031,00000000000000000148,NULL,00000000000000000078,0.00,390.00,0),(00000000000000000880,'PECAWA880','Carrick 2.10','Carrick 2.10',00000000000000000028,00000000000000000018,00000000000000000123,00000000000000000099,0.00,390.00,0),(00000000000000000881,'PECASU881','Rio Parana 3.60','Rio Parana 3.60',00000000000000000028,00000000000000000018,00000000000000000123,00000000000000000088,0.00,850.00,0),(00000000000000000882,'NAACME882','de motor','de motor',00000000000000000031,00000000000000000091,NULL,00000000000000000058,0.00,125.00,0),(00000000000000000883,'NAACJO883','de motor','de motor',00000000000000000031,00000000000000000091,NULL,00000000000000000049,0.00,125.00,0),(00000000000000000884,'PECASU884','Coas.mar azul 390','Coas.mar azul 390',00000000000000000028,00000000000000000018,00000000000000000123,00000000000000000088,0.00,890.00,0),(00000000000000000885,'PECAKU885','Salmon 2.10','Salmon 2.10',00000000000000000028,00000000000000000018,00000000000000000124,00000000000000000050,0.00,790.00,0),(00000000000000000886,'NAVDRO886','con soporte abrasadera','con soporte abrasadera',00000000000000000031,00000000000000000139,NULL,00000000000000000078,0.00,250.00,0),(00000000000000000887,'NAVDRO887','soldar','soldar',00000000000000000031,00000000000000000139,NULL,00000000000000000078,0.00,210.00,0),(00000000000000000888,'PEBOWA888','1325','1325',00000000000000000028,00000000000000000010,NULL,00000000000000000099,0.00,615.00,0),(00000000000000000889,'PEPOSI889','','',00000000000000000028,00000000000000000137,NULL,00000000000000000109,0.00,79.00,0),(00000000000000000890,'PECAAL890','larga sin pantalon','larga sin pantalon',00000000000000000028,00000000000000000172,NULL,00000000000000000100,0.00,190.00,0),(00000000000000000891,'CACOCO891','marina 100qt','marina 100qt',00000000000000000032,00000000000000000028,NULL,00000000000000000033,0.00,3700.00,0),(00000000000000000892,'PECAWA892','Ciclone 4','Ciclone 4',00000000000000000028,00000000000000000018,00000000000000000130,00000000000000000099,0.00,420.00,0),(00000000000000000894,'CACASU894','Alpine','Alpine',00000000000000000032,00000000000000000016,NULL,00000000000000000088,0.00,690.00,0),(00000000000000000895,'NAACRO895','grasa pata','grasa pata',00000000000000000031,00000000000000000091,NULL,00000000000000000078,0.00,110.00,0),(00000000000000000896,'CAGASI896','2 kg','2 kg',00000000000000000032,00000000000000000079,NULL,00000000000000000109,0.00,570.00,0);
/*!40000 ALTER TABLE `art_articulo` ENABLE KEYS */;
UNLOCK TABLES;

--
-- Dumping data for table `art_articulo_cliente`
--

LOCK TABLES `art_articulo_cliente` WRITE;
/*!40000 ALTER TABLE `art_articulo_cliente` DISABLE KEYS */;
INSERT INTO `art_articulo_cliente` VALUES (00000000000000000001,00000000000000000127,00000000000000000002);
/*!40000 ALTER TABLE `art_articulo_cliente` ENABLE KEYS */;
UNLOCK TABLES;

--
-- Dumping data for table `art_articulo_proveedor`
--

LOCK TABLES `art_articulo_proveedor` WRITE;
/*!40000 ALTER TABLE `art_articulo_proveedor` DISABLE KEYS */;
INSERT INTO `art_articulo_proveedor` VALUES (00000000000000000001,00000000000000000127,00000000000000000001),(00000000000000000002,00000000000000000120,00000000000000000001);
/*!40000 ALTER TABLE `art_articulo_proveedor` ENABLE KEYS */;
UNLOCK TABLES;

--
-- Dumping data for table `art_clase`
--

LOCK TABLES `art_clase` WRITE;
/*!40000 ALTER TABLE `art_clase` DISABLE KEYS */;
INSERT INTO `art_clase` VALUES (00000000000000000005,'AISLANTE5','Aislante','Aislante',00000000000000000032),(00000000000000000006,'ANZUELO6','Anzuelo','Anzuelo',00000000000000000028),(00000000000000000007,'BALDE7','Balde','Balde',00000000000000000028),(00000000000000000008,'BALIN(NOGA8','Balin (no Gasti)','Balin (no Gasti)',00000000000000000032),(00000000000000000009,'BOLSADEDOR9','Bolsa de dormir','Bolsa de dormir',00000000000000000032),(00000000000000000010,'BOLSODEPES10','Bolso de pesca','Bolso de pesca',00000000000000000028),(00000000000000000011,'BOLSOTERMI11','Bolso termico','Bolso termico',00000000000000000032),(00000000000000000012,'BOYA12','Boya','Boya',00000000000000000028),(00000000000000000013,'CABLEDEACE13','Cable de acero','Cable de acero',00000000000000000028),(00000000000000000014,'CAJADEPESC14','Caja de pesca','Caja de pesca',00000000000000000028),(00000000000000000015,'CARGADORDE15','Cargador de pilas','Cargador de pilas',00000000000000000032),(00000000000000000016,'CARPA16','Carpa','Carpa',00000000000000000032),(00000000000000000017,'CARTUCHODE17','Cartucho de gas','Cartucho de gas',00000000000000000032),(00000000000000000018,'CANIA2TRAM18','Cania','Clase que agrupa todos los tipos de cañas',00000000000000000028),(00000000000000000025,'CHALECO25','Chaleco','Chaleco',00000000000000000028),(00000000000000000026,'COCINA26','Cocina','Cocina',00000000000000000032),(00000000000000000028,'CONSERVADO28','Conservadora','Conservadora',00000000000000000032),(00000000000000000029,'COPO29','Copo','Copo',00000000000000000028),(00000000000000000030,'CUCHARA30','Cuchara','Cuchara',00000000000000000028),(00000000000000000031,'CUCHILLO31','Cuchillo','Cuchillo',00000000000000000028),(00000000000000000032,'ENTERITOTE32','Enterito termico','Enterito termico',00000000000000000028),(00000000000000000033,'ESTACA33','Estaca','Estaca',00000000000000000032),(00000000000000000034,'FAROL34','Farol','Farol',00000000000000000032),(00000000000000000035,'GABETERO35','Gabetero','Gabetero',00000000000000000028),(00000000000000000036,'GARRAFA36','Garrafa','Garrafa',00000000000000000032),(00000000000000000037,'GORRO37','Gorro','Gorro',00000000000000000028),(00000000000000000038,'HOJA38','Hoja','Hoja',00000000000000000028),(00000000000000000039,'INFLADOR39','Inflador','Inflador',00000000000000000032),(00000000000000000040,'LEADER40','Leader','Leader',00000000000000000028),(00000000000000000041,'LINTERNA41','Linterna','Linterna',00000000000000000032),(00000000000000000042,'MARMITA42','Marmita','Marmita',00000000000000000032),(00000000000000000043,'MECHERO43','Mechero','Mechero',00000000000000000032),(00000000000000000044,'MEDIOMUNDO44','Medio mundo','Medio mundo',00000000000000000028),(00000000000000000045,'MESADECAMP45','Mesa de camping','Mesa de camping',00000000000000000032),(00000000000000000046,'MICROFIBRA46','Micro fibra','Micro fibra',00000000000000000028),(00000000000000000047,'MOCHILA47','Mochila','Mochila',00000000000000000032),(00000000000000000048,'MOLDEPLOMA48','Molde plomada','Molde plomada',00000000000000000028),(00000000000000000049,'NAUTICA49','Nautica','Nautica',00000000000000000031),(00000000000000000050,'PARANTE50','Parante','Parante',00000000000000000032),(00000000000000000051,'PARRILLA51','Parrilla','Parrilla',00000000000000000032),(00000000000000000052,'PIEDRAAFIL52','Piedra afilar','Piedra afilar',00000000000000000032),(00000000000000000053,'PILARECARG53','Pila recargable','Pila recargable',00000000000000000032),(00000000000000000054,'PINZA54','Pinza','Pinza',00000000000000000028),(00000000000000000055,'PORTABRAZO55','Porta brazolada','Porta brazolada',00000000000000000028),(00000000000000000056,'PORTACANIA56','Porta cania','Porta cania',00000000000000000028),(00000000000000000057,'POSACANIA57','Posa Cania','Posa Cania',00000000000000000031),(00000000000000000060,'SENUELO(DE60','Senuelo (de Canuela)','Senuelo (de Canuela)',00000000000000000028),(00000000000000000061,'SILLON61','Sillon','Sillon',00000000000000000032),(00000000000000000062,'SOMBRILLA62','Sombrilla','Sombrilla',00000000000000000032),(00000000000000000063,'TABLITA63','Tablita','Tablita',00000000000000000028),(00000000000000000064,'TANZA64','Tanza','Tanza',00000000000000000028),(00000000000000000065,'TRAJEDEAGU65','Traje de agua','Traje de agua',00000000000000000028),(00000000000000000066,'TUBOPORTAC66','Tubo porta cania','Tubo porta cania',00000000000000000028),(00000000000000000067,'VARA67','Vara','Vara',00000000000000000028),(00000000000000000068,'WADER68','Wader','Wader',00000000000000000028),(00000000000000000070,'ZANAHORIA70','Zanahoria','Zanahoria',00000000000000000028),(00000000000000000071,'ANCLA71','Ancla','Ancla',00000000000000000031),(00000000000000000073,'BANCOTIJER73','Banco tijera','Banco tijera',00000000000000000032),(00000000000000000075,'COLCHONETA75','Colchoneta','Colchoneta',00000000000000000032),(00000000000000000076,'CANTIMPLOR76','Cantimplora','Cantimplora',00000000000000000032),(00000000000000000077,'DISGREGANT77','Disgregante','Disgregante',00000000000000000032),(00000000000000000079,'GARRAFAS79','Garrafas','Garrafas',00000000000000000032),(00000000000000000081,'MECHA81','Mecha','Mecha',00000000000000000032),(00000000000000000082,'FUNDA82','Funda','Funda',00000000000000000028),(00000000000000000083,'IMPERMEABI83','Impermeabilizante','Impermeabilizante',00000000000000000032),(00000000000000000085,'MATEROS85','Materos','Materos',00000000000000000032),(00000000000000000091,'ACEITE91','Aceite','Aceite',00000000000000000031),(00000000000000000094,'LUNCHERA94','Lunchera','Lunchera',00000000000000000032),(00000000000000000096,'PASAHILOS96','Pasahilos','Pasahilos',00000000000000000028),(00000000000000000097,'REEL97','Reel','Reel',00000000000000000028),(00000000000000000098,'GORROLEGIO98','Gorro Legionario','Gorro Legionario',00000000000000000028),(00000000000000000099,'PORTATERMO99','Portatermo ','Portatermo ',00000000000000000032),(00000000000000000100,'PLAYERO100','Playero','Playero',00000000000000000032),(00000000000000000101,'COLCHONINF101','Colchon inflable','Colchon inflable',00000000000000000032),(00000000000000000104,'SALVAVIDAS104','Salvavidas','Salvavidas',00000000000000000031),(00000000000000000105,'SILLONDIRE105','Sillon director','Sillon director',00000000000000000032),(00000000000000000106,'FICHALUZ106','Ficha luz','Ficha luz',00000000000000000031),(00000000000000000107,'PALA107','Pala','Pala',00000000000000000031),(00000000000000000111,'CINTA111','Cinta','Cinta',00000000000000000031),(00000000000000000112,'BOCHA112','Bocha','Bocha',00000000000000000031),(00000000000000000113,'PORTABOCHA113','Porta bocha','Porta bocha',00000000000000000031),(00000000000000000114,'CUNIA114','Cunia','Cunia',00000000000000000031),(00000000000000000115,'ACOPLE115','Acople','Acople',00000000000000000031),(00000000000000000118,'BENGALAS118','Bengalas','Bengalas',00000000000000000031),(00000000000000000119,'BANDERAS119','Banderas','Banderas',00000000000000000031),(00000000000000000120,'CADENAS120','Cadenas','Cadenas',00000000000000000031),(00000000000000000121,'MOSQUETONE121','Mosquetones','Mosquetones',00000000000000000031),(00000000000000000122,'TAPONES122','Tapones','Tapones',00000000000000000031),(00000000000000000123,'HOMBREALAG123','Hombre al agua','Hombre al agua',00000000000000000031),(00000000000000000124,'TOLETES124','Toletes','Toletes',00000000000000000031),(00000000000000000125,'MALACATE125','Malacate','Malacate',00000000000000000031),(00000000000000000126,'PERANAFTA126','Pera nafta','Pera nafta',00000000000000000031),(00000000000000000127,'TANQUEDENA127','Tanque de nafta','Tanque de nafta',00000000000000000031),(00000000000000000128,'RUEDATIMON128','Rueda timonera','Rueda timonera',00000000000000000031),(00000000000000000129,'SOBRE129','Sobre','Sobre',00000000000000000028),(00000000000000000130,'MEDIASTERM130','Medias termicas','Medias termicas',00000000000000000032),(00000000000000000134,'TERMO134','Termo','Termo',00000000000000000032),(00000000000000000136,'PORTABOCHA136','Portabocha','Portabocha',00000000000000000031),(00000000000000000137,'PONCHO137','Poncho','Poncho',00000000000000000028),(00000000000000000138,'RODILLO138','Rodillo','Rodillo',00000000000000000031),(00000000000000000139,'VDEPROA139','V de Proa','V de Proa',00000000000000000031),(00000000000000000142,'CINTAS142','Cintas','Cintas',00000000000000000031),(00000000000000000143,'ESPEJOSSEN143','Espejos seniales','Espejos seniales',00000000000000000031),(00000000000000000144,'CONECTORES144','Conectores','Conectores',00000000000000000031),(00000000000000000145,'CABOFLOTAN145','Cabo Flotante','Cabo Flotante',00000000000000000031),(00000000000000000146,'CHAPONRODI146','Chapon Rodillo','Chapon Rodillo',00000000000000000031),(00000000000000000148,'PALASALUMI148','Palas Aluminio','Palas Aluminio',00000000000000000031),(00000000000000000149,'SOGA149','Soga ','Soga ',00000000000000000031),(00000000000000000151,'BOMBADEACH151','Bomba de Achique','Bomba de Achique',00000000000000000031),(00000000000000000154,'ANCLACAPA154','Ancla Capa','Ancla Capa',00000000000000000031),(00000000000000000157,'VIDRIOFARO157','Vidrio farol','Vidrio farol',00000000000000000032),(00000000000000000158,'GUANTES158','Guantes','Guantes',00000000000000000028),(00000000000000000162,'ROPATERMIC162','Ropa Termica','Ropa Termica',00000000000000000028),(00000000000000000163,'BALANZA163','Balanza','Balanza',00000000000000000028),(00000000000000000164,'JARRO164','Jarro','Jarro',00000000000000000032),(00000000000000000169,'RODILLOPLA169','Rodillo plastico','Rodillo plastico',00000000000000000031),(00000000000000000170,'RODILLOGOM170','Rodillo Goma','Rodillo Goma',00000000000000000031),(00000000000000000172,'CAPA172','Capa','Capa',00000000000000000028);
/*!40000 ALTER TABLE `art_clase` ENABLE KEYS */;
UNLOCK TABLES;

--
-- Dumping data for table `art_cliente`
--

LOCK TABLES `art_cliente` WRITE;
/*!40000 ALTER TABLE `art_cliente` DISABLE KEYS */;
INSERT INTO `art_cliente` VALUES (00000000000000000002);
/*!40000 ALTER TABLE `art_cliente` ENABLE KEYS */;
UNLOCK TABLES;

--
-- Dumping data for table `art_compra`
--

LOCK TABLES `art_compra` WRITE;
/*!40000 ALTER TABLE `art_compra` DISABLE KEYS */;
/*!40000 ALTER TABLE `art_compra` ENABLE KEYS */;
UNLOCK TABLES;

--
-- Dumping data for table `art_compra_articulo`
--

LOCK TABLES `art_compra_articulo` WRITE;
/*!40000 ALTER TABLE `art_compra_articulo` DISABLE KEYS */;
/*!40000 ALTER TABLE `art_compra_articulo` ENABLE KEYS */;
UNLOCK TABLES;

--
-- Dumping data for table `art_marca`
--

LOCK TABLES `art_marca` WRITE;
/*!40000 ALTER TABLE `art_marca` DISABLE KEYS */;
INSERT INTO `art_marca` VALUES (00000000000000000008,'ABUGARCIA','Abu Garcia','Abu Garcia'),(00000000000000000009,'AILEN','Ailen','Ailen'),(00000000000000000010,'AIRON','Airon','Airon'),(00000000000000000012,'ALFERS','Alfers','Alfers'),(00000000000000000013,'ALOFT','Aloft','Aloft'),(00000000000000000014,'AMC','AMC','AMC'),(00000000000000000015,'AMNESIA','Amnesia','Amnesia'),(00000000000000000016,'ANACRON','Anacron','Anacron'),(00000000000000000017,'ANDUJAR','Andujar','Andujar'),(00000000000000000018,'AQUATIC','Aquatic','Aquatic'),(00000000000000000019,'ARBOLITO','Arbolito','Arbolito'),(00000000000000000020,'ARCOS','Arcos','Arcos'),(00000000000000000021,'ARIMAR','Arimar','Arimar'),(00000000000000000022,'ASSO','Asso','Asso'),(00000000000000000023,'ATAHUALPA','Atahualpa','Atahualpa'),(00000000000000000024,'AURAL','Aural','Aural'),(00000000000000000025,'BAMBOO','Bamboo','Bamboo'),(00000000000000000026,'BANAX','Banax','Banax'),(00000000000000000027,'BANDO','Bando','Bando'),(00000000000000000028,'BARRACUDA','Barracuda','Barracuda'),(00000000000000000029,'BOCKPLAST','Bock Plast','Bock Plast'),(00000000000000000030,'BROGAS','Brogas','Brogas'),(00000000000000000031,'CAMPINGAZ','Campingaz','Campingaz'),(00000000000000000032,'CEL','Cel','Cel'),(00000000000000000033,'COLEMAN','Coleman','Coleman'),(00000000000000000034,'CRIBAL','Cribal','Cribal'),(00000000000000000035,'CRITERIO','Criterio','Criterio'),(00000000000000000036,'DAIWA','Daiwa','Daiwa'),(00000000000000000037,'DAM','Dam','Dam'),(00000000000000000038,'DEL','Del','Del'),(00000000000000000039,'DOITE','Doite','Doite'),(00000000000000000040,'DONATO','Donato','Donato'),(00000000000000000041,'ELFIN','El Fin','El Fin'),(00000000000000000042,'ENMAR','Enmar','Enmar'),(00000000000000000043,'ESKILTUNA','Eskiltuna','Eskiltuna'),(00000000000000000044,'EVINRUDE','Evinrude','Evinrude'),(00000000000000000045,'EXCEL','Excel','Excel'),(00000000000000000046,'FOCO','Foco','Foco'),(00000000000000000047,'HELATODO','Helatodo','Helatodo'),(00000000000000000048,'HERRING','Herring','Herring'),(00000000000000000049,'JOHNSON','Johnson','Johnson'),(00000000000000000050,'KUNNAN','Kunnan','Kunnan'),(00000000000000000051,'LAGARTO','Lagarto','Lagarto'),(00000000000000000052,'LEMBU','Lembu','Lembu'),(00000000000000000053,'LEXUS','Lexus','Lexus'),(00000000000000000054,'LOOMIS','Loomis','Loomis'),(00000000000000000055,'LUNA','Luna','Luna'),(00000000000000000056,'MARCEL','Marcel','Marcel'),(00000000000000000057,'MAURI','Mauri','Mauri'),(00000000000000000058,'MERCURY','Mercury','Mercury'),(00000000000000000059,'MITCHELL','Mitchell','Mitchell'),(00000000000000000060,'MONTAGNE','Montagne','Montagne'),(00000000000000000061,'MUELA','Muela','Muela'),(00000000000000000062,'MULTIPESCA','Multipesca','Multipesca'),(00000000000000000063,'MUNDIAL','Mundial','Mundial'),(00000000000000000064,'MUSTAD','Mustad','Mustad'),(00000000000000000065,'NAHUEL','Nahuel','Nahuel'),(00000000000000000066,'NG','NG','NG'),(00000000000000000067,'NIETO','Nieto','Nieto'),(00000000000000000068,'NITANYL','Nitanyl','Nitanyl'),(00000000000000000069,'NITROLITE','Nitrolite','Nitrolite'),(00000000000000000070,'OKUMA','Okuma','Okuma'),(00000000000000000071,'OMC','OMC','OMC'),(00000000000000000072,'OMOTO','Omoto','Omoto'),(00000000000000000073,'PAMELA','Pamela','Pamela'),(00000000000000000074,'PENN','Penn','Penn'),(00000000000000000075,'PETER','Peter','Peter'),(00000000000000000076,'RAPALA','Rapala','Rapala'),(00000000000000000077,'RAYGLON','Rayglon','Rayglon'),(00000000000000000078,'ROAN','Roan','Roan'),(00000000000000000079,'SHIMANO','Shimano','Shimano'),(00000000000000000080,'SOUSA','Sousa','Sousa'),(00000000000000000081,'SPINIT','Spinit','Spinit'),(00000000000000000082,'STARLIGHT','Starlight','Starlight'),(00000000000000000083,'STEEL','Steel','Steel'),(00000000000000000084,'STORM','Storm','Storm'),(00000000000000000085,'STRIKEPRO','Strike Pro','Strike Pro'),(00000000000000000086,'SUFIX','Sufix','Sufix'),(00000000000000000087,'SUPERFLOT','Super Flot','Super Flot'),(00000000000000000088,'SURFISH','Surfish','Surfish'),(00000000000000000089,'TICA','Tica','Tica'),(00000000000000000090,'TORTUGA','Tortuga','Tortuga'),(00000000000000000091,'TRIPLEFISH','Triple Fish','Triple Fish'),(00000000000000000092,'VALIPARRI','Valiparri','Valiparri'),(00000000000000000093,'VENADO','Venado','Venado'),(00000000000000000094,'VICTORINOX','Victorinox','Victorinox'),(00000000000000000096,'WILDLIFE','Wild Life','Wild Life'),(00000000000000000097,'YAMAHA','Yamaha','Yamaha'),(00000000000000000098,'YPF','YPF','YPF'),(00000000000000000099,'WATERDOG','Waterdog','Waterdog'),(00000000000000000100,'ALBATROS','Albatros','Albatros'),(00000000000000000102,'PREDATOR','Predator','Predator'),(00000000000000000103,'DEPREDADOR','Depredador','Depredador'),(00000000000000000104,'MISI','Misi','Misi'),(00000000000000000105,'PESCALOTODO','Pescalotodo','Pescalotodo'),(00000000000000000106,'MILENIUM','Milenium','Milenium'),(00000000000000000107,'CLARKS','Clarks','Clarks'),(00000000000000000108,'FABA','Faba','Faba'),(00000000000000000109,'SINMARCA','Sin Marca','Sin Marca'),(00000000000000000110,'05','05','05'),(00000000000000000111,'TECH','Tech','Tech'),(00000000000000000112,'SILSTAR','Silstar','Silstar'),(00000000000000000114,'ARUBA','Aruba','Aruba'),(00000000000000000116,'KENNEDY','Kennedy','Kennedy'),(00000000000000000117,'NUEVOMILENIO','Nuevo Milenio','Nuevo Milenio'),(00000000000000000118,'FLOUNDER','Flounder ','Flounder '),(00000000000000000119,'DOBLET','Doble T','Doble T'),(00000000000000000121,'CHAMPION','Champion','Champion'),(00000000000000000122,'TOMMY','Tommy ','Tommy '),(00000000000000000123,'MARINESPORT','Marine Sport','Marine Sport'),(00000000000000000127,'FLUEGER','Flueger','Flueger'),(00000000000000000128,'SOPRANO','Soprano','Soprano'),(00000000000000000129,'MONTAGUE','Montague','Montague'),(00000000000000000130,'BAMBU','Bambu','Bambu'),(00000000000000000131,'FLONAL','Flonal','Flonal'),(00000000000000000133,'MASTERFISH','Master fish','Master fish'),(00000000000000000134,'NATWAY','Natway','Natway'),(00000000000000000135,'NORTHERNDIVER','Northern Diver','Northern Diver');
/*!40000 ALTER TABLE `art_marca` ENABLE KEYS */;
UNLOCK TABLES;

--
-- Dumping data for table `art_proveedor`
--

LOCK TABLES `art_proveedor` WRITE;
/*!40000 ALTER TABLE `art_proveedor` DISABLE KEYS */;
INSERT INTO `art_proveedor` VALUES (00000000000000000001);
/*!40000 ALTER TABLE `art_proveedor` ENABLE KEYS */;
UNLOCK TABLES;

--
-- Dumping data for table `art_rubro`
--

LOCK TABLES `art_rubro` WRITE;
/*!40000 ALTER TABLE `art_rubro` DISABLE KEYS */;
INSERT INTO `art_rubro` VALUES (00000000000000000028,'PESCA','Pesca','Pesca'),(00000000000000000031,'NAUTICA','Nautica','Nautica'),(00000000000000000032,'CAMPING','Camping','Camping'),(00000000000000000033,'CUCHILLERIA','Cuchilleria','Cuchilleria');
/*!40000 ALTER TABLE `art_rubro` ENABLE KEYS */;
UNLOCK TABLES;

--
-- Dumping data for table `art_tipo`
--

LOCK TABLES `art_tipo` WRITE;
/*!40000 ALTER TABLE `art_tipo` DISABLE KEYS */;
INSERT INTO `art_tipo` VALUES (00000000000000000122,'C','Canias','Canias',00000000000000000018),(00000000000000000123,'C2TF','2 tramos fibra','Clase que agrupa todos los tipos de cañas',00000000000000000018),(00000000000000000124,'C2TG','2 tramos grafito','Cania 2 tramos grafito',00000000000000000018),(00000000000000000125,'CDL','De lanzar','Cania de Lanzar',00000000000000000018),(00000000000000000126,'CE','Embarcado','Cania Embarcado',00000000000000000018),(00000000000000000127,'CGYF','Grafito y fibra','Cania grafito y fibra',00000000000000000018),(00000000000000000128,'CS','Spinning','Cania Spinning',00000000000000000018),(00000000000000000129,'CTDV','Telescopica de variada','Cania telescopica de variada',00000000000000000018),(00000000000000000130,'CTF','Telescopica fibra','Cania Telescopica Fibra',00000000000000000018),(00000000000000000131,'CTG','Telescopica grafito','Cania Telescopica Grafito',00000000000000000018),(00000000000000000132,'CTM','Telescopica mar','Cania Telescopica Mar',00000000000000000018);
/*!40000 ALTER TABLE `art_tipo` ENABLE KEYS */;
UNLOCK TABLES;

--
-- Dumping data for table `art_venta`
--

LOCK TABLES `art_venta` WRITE;
/*!40000 ALTER TABLE `art_venta` DISABLE KEYS */;
INSERT INTO `art_venta` VALUES (00000000000000000001,'EFT20150215','2015-02-15',1500.00,00000000000000000001,00000000000000000002);
/*!40000 ALTER TABLE `art_venta` ENABLE KEYS */;
UNLOCK TABLES;

--
-- Dumping data for table `art_venta_articulo`
--

LOCK TABLES `art_venta_articulo` WRITE;
/*!40000 ALTER TABLE `art_venta_articulo` DISABLE KEYS */;
INSERT INTO `art_venta_articulo` VALUES (00000000000000000002,00000000000000000001,00000000000000000127,1);
/*!40000 ALTER TABLE `art_venta_articulo` ENABLE KEYS */;
UNLOCK TABLES;

--
-- Dumping data for table `cmn_email`
--

LOCK TABLES `cmn_email` WRITE;
/*!40000 ALTER TABLE `cmn_email` DISABLE KEYS */;
INSERT INTO `cmn_email` VALUES (00000000000000000001,'lalocat_25@hotmail.com',00000000000000000001);
/*!40000 ALTER TABLE `cmn_email` ENABLE KEYS */;
UNLOCK TABLES;

--
-- Dumping data for table `cmn_medio_pago`
--

LOCK TABLES `cmn_medio_pago` WRITE;
/*!40000 ALTER TABLE `cmn_medio_pago` DISABLE KEYS */;
INSERT INTO `cmn_medio_pago` VALUES (00000000000000000001,'EFT','Efectivo','Efectivo'),(00000000000000000002,'TCR','Crédito','Tarjeta de crédito'),(00000000000000000003,'TDE','Débito','Tarjeta de débito');
/*!40000 ALTER TABLE `cmn_medio_pago` ENABLE KEYS */;
UNLOCK TABLES;

--
-- Dumping data for table `cmn_movimiento`
--

LOCK TABLES `cmn_movimiento` WRITE;
/*!40000 ALTER TABLE `cmn_movimiento` DISABLE KEYS */;
INSERT INTO `cmn_movimiento` VALUES (00000000000000000005,'MOD_PRECIO',00000000000000000202,'ARTICULO','2015-02-18','850.00','855.0');
/*!40000 ALTER TABLE `cmn_movimiento` ENABLE KEYS */;
UNLOCK TABLES;

--
-- Dumping data for table `cmn_persona`
--

LOCK TABLES `cmn_persona` WRITE;
/*!40000 ALTER TABLE `cmn_persona` DISABLE KEYS */;
INSERT INTO `cmn_persona` VALUES (00000000000000000001,'Dario','Romero','M'),(00000000000000000002,'Paula','Silveyra','F');
/*!40000 ALTER TABLE `cmn_persona` ENABLE KEYS */;
UNLOCK TABLES;

--
-- Dumping data for table `cmn_telefono`
--

LOCK TABLES `cmn_telefono` WRITE;
/*!40000 ALTER TABLE `cmn_telefono` DISABLE KEYS */;
INSERT INTO `cmn_telefono` VALUES (00000000000000000001,'+54','011','2323000',00000000000000000001,00000000000000000001);
/*!40000 ALTER TABLE `cmn_telefono` ENABLE KEYS */;
UNLOCK TABLES;

--
-- Dumping data for table `cmn_telefono_tipo`
--

LOCK TABLES `cmn_telefono_tipo` WRITE;
/*!40000 ALTER TABLE `cmn_telefono_tipo` DISABLE KEYS */;
INSERT INTO `cmn_telefono_tipo` VALUES (00000000000000000001,'MPERSONAL','Movil Personal','Celular personal'),(00000000000000000002,'MTRABAJO','Movil de Trabajo','Celular trabajo'),(00000000000000000003,'FPERSONAL','Personal','Telefono fijo personal'),(00000000000000000004,'FTRABAJO','Trabajo','Telefono fijo de trabajo');
/*!40000 ALTER TABLE `cmn_telefono_tipo` ENABLE KEYS */;
UNLOCK TABLES;


/*!40101 SET SQL_MODE=@OLD_SQL_MODE */;
/*!40014 SET FOREIGN_KEY_CHECKS=@OLD_FOREIGN_KEY_CHECKS */;
/*!40014 SET UNIQUE_CHECKS=@OLD_UNIQUE_CHECKS */;
/*!40101 SET CHARACTER_SET_CLIENT=@OLD_CHARACTER_SET_CLIENT */;
/*!40101 SET CHARACTER_SET_RESULTS=@OLD_CHARACTER_SET_RESULTS */;
/*!40101 SET COLLATION_CONNECTION=@OLD_COLLATION_CONNECTION */;
/*!40111 SET SQL_NOTES=@OLD_SQL_NOTES */;

-- Dump completed on 2015-04-02 17:47:47
