CREATE DATABASE  IF NOT EXISTS `seg_proeza_db` /*!40100 DEFAULT CHARACTER SET utf8 */;
USE `seg_proeza_db`;
-- MySQL dump 10.13  Distrib 5.6.17, for Win64 (x86_64)
--
-- Host: localhost    Database: seg_proeza_db
-- ------------------------------------------------------
-- Server version	5.6.21-log

/*!40101 SET @OLD_CHARACTER_SET_CLIENT=@@CHARACTER_SET_CLIENT */;
/*!40101 SET @OLD_CHARACTER_SET_RESULTS=@@CHARACTER_SET_RESULTS */;
/*!40101 SET @OLD_COLLATION_CONNECTION=@@COLLATION_CONNECTION */;
/*!40101 SET NAMES utf8 */;
/*!40103 SET @OLD_TIME_ZONE=@@TIME_ZONE */;
/*!40103 SET TIME_ZONE='+00:00' */;
/*!40014 SET @OLD_UNIQUE_CHECKS=@@UNIQUE_CHECKS, UNIQUE_CHECKS=0 */;
/*!40014 SET @OLD_FOREIGN_KEY_CHECKS=@@FOREIGN_KEY_CHECKS, FOREIGN_KEY_CHECKS=0 */;
/*!40101 SET @OLD_SQL_MODE=@@SQL_MODE, SQL_MODE='NO_AUTO_VALUE_ON_ZERO' */;
/*!40111 SET @OLD_SQL_NOTES=@@SQL_NOTES, SQL_NOTES=0 */;

--
-- Dumping data for table `rol`
--

LOCK TABLES `rol` WRITE;
/*!40000 ALTER TABLE `rol` DISABLE KEYS */;
INSERT INTO `rol` VALUES (00000000000000000001,'ROLE_VENTA_ADMIN','Ventas Administrador',''),(00000000000000000002,'ROLE_VENTA_ESTAD','Ventas Estadista',''),(00000000000000000012,'ROLE_COMPR_ESTAD','Compras Estadista',''),(00000000000000000031,'ROLE_PRODU_ADMIN','Productos Administrador',''),(00000000000000000032,'ROLE_PRODU_CATAL','Productos Listado',''),(00000000000000000033,'ROLE_PRODU_ESTAD','Productos Estadista',''),(00000000000000000041,'ROLE_USUAR_ADMIN','Usuarios Administrador','Administrador de la seguridad del sistema'),(00000000000000000042,'ROLE_USUAR_ESTAD','Usuarios Estadista',''),(00000000000000000043,'ROLE_USUAR_LISTA','Usuarios Listado','');
/*!40000 ALTER TABLE `rol` ENABLE KEYS */;
UNLOCK TABLES;

--
-- Dumping data for table `usuario`
--

LOCK TABLES `usuario` WRITE;
/*!40000 ALTER TABLE `usuario` DISABLE KEYS */;
INSERT INTO `usuario` VALUES (00000000000000000100,'user_admin','user_admin','user_admin','user_admin@proeza.com.ar','$2a$10$oTBcDbxPZlyEhjK4/Q8.o.PCiqc.LwOg5IgF7e4VWAzkDMlVr0cvW',00000000000000000001),(00000000000000000101,'prod_admin','prod_admin','prod_admin','prod_admin@proeza.com.ar','$2a$10$gstdn6.1OVcOmjSxx36kJuHoH9seRgbSNYQjVTNavTBVGGxcrT6VC',NULL),(00000000000000000102,'prod_viewer','prod_viewer','prod_viewer','prod_viewer@proeza.com.ar','$2a$10$WwVnE7OeUpe1a892TJrbEOUEzTFKWiHLIM0w9WNKyxZmyGM8vmwk2',NULL),(00000000000000000103,'prod_stat','prod_stat','prod_stat','prod_stat@proeza.com.ar','$2a$10$LGpaazPGhg3U8cqTEb5bq.65GKpqYlEoRG7xEBEtnJ0ZiNN5CFz/S',NULL),(00000000000000000104,'admin','admin','admin','admin@proeza.com.ar','$2a$10$N9ba82wZVlNGgMgcO24XBeGwcE6LkEPkWvuFI8I7efa5F8VgOWXEq',00000000000000000002),(00000000000000000106,'Fede','Federico Leonel','Zarate','fede.zarate@gmail.com','$2a$10$lTSm6/wU4vLq0byHpRoJ1uB3sVKukU83nqqfa9.Y/upcUpBYo7WKu',00000000000000000004);
/*!40000 ALTER TABLE `usuario` ENABLE KEYS */;
UNLOCK TABLES;

--
-- Dumping data for table `usuario_rol`
--

LOCK TABLES `usuario_rol` WRITE;
/*!40000 ALTER TABLE `usuario_rol` DISABLE KEYS */;
INSERT INTO `usuario_rol` VALUES (00000000000000000001,00000000000000000100,00000000000000000041),(00000000000000000002,00000000000000000100,00000000000000000042),(00000000000000000003,00000000000000000100,00000000000000000043),(00000000000000000004,00000000000000000101,00000000000000000031),(00000000000000000005,00000000000000000102,00000000000000000032),(00000000000000000006,00000000000000000103,00000000000000000033),(00000000000000000007,00000000000000000104,00000000000000000031),(00000000000000000008,00000000000000000104,00000000000000000032),(00000000000000000009,00000000000000000104,00000000000000000033),(00000000000000000010,00000000000000000104,00000000000000000041),(00000000000000000011,00000000000000000104,00000000000000000042),(00000000000000000012,00000000000000000104,00000000000000000043),(00000000000000000014,00000000000000000106,00000000000000000031);
/*!40000 ALTER TABLE `usuario_rol` ENABLE KEYS */;
UNLOCK TABLES;
/*!40103 SET TIME_ZONE=@OLD_TIME_ZONE */;

/*!40101 SET SQL_MODE=@OLD_SQL_MODE */;
/*!40014 SET FOREIGN_KEY_CHECKS=@OLD_FOREIGN_KEY_CHECKS */;
/*!40014 SET UNIQUE_CHECKS=@OLD_UNIQUE_CHECKS */;
/*!40101 SET CHARACTER_SET_CLIENT=@OLD_CHARACTER_SET_CLIENT */;
/*!40101 SET CHARACTER_SET_RESULTS=@OLD_CHARACTER_SET_RESULTS */;
/*!40101 SET COLLATION_CONNECTION=@OLD_COLLATION_CONNECTION */;
/*!40111 SET SQL_NOTES=@OLD_SQL_NOTES */;

-- Dump completed on 2015-09-06 15:09:25
